Hotel,URL,Room to be extracted,Location,Platform
Sứ Retreat Hoi An - Riverfront Resort,https://www.agoda.com/vi-vn/s-retreat-hoi-an/hotel/hoi-an-vn.html?countryId=38&finalPriceView=1&isShowMobileAppPrice=false&cid=-333&numberOfBedrooms=&familyMode=false&adults=2&children=0&rooms=1&maxRooms=0&isCalendarCallout=false&childAges=&numberOfGuest=0&missingChildAges=false&travellerType=1&showReviewSubmissionEntry=false&currencyCode=VND&isFreeOccSearch=false&los=1&searchrequestid=31885505-090c-4040-bd42-647b01dbbe94&checkin=2026-02-10,Suite Lớn có Ban Công (Executive Suite with Balcony),HA,Agoda
LEGACY HOI AN RESORT,https://www.agoda.com/vi-vn/legacy-hoi-an-resort/hotel/hoi-an-vn.html?countryId=38&finalPriceView=1&isShowMobileAppPrice=false&cid=-333&numberOfBedrooms=&familyMode=false&adults=2&children=0&rooms=1&maxRooms=0&isCalendarCallout=false&childAges=&numberOfGuest=0&missingChildAges=false&travellerType=1&showReviewSubmissionEntry=false&currencyCode=VND&isFreeOccSearch=false&flightSearchCriteria=%5Bobject%20Object%5D&los=1&searchrequestid=86e248d1-191d-43c1-b821-037661da6ed5&checkin=2026-02-06,Phòng Superior hướng vườn (Superior Garden View Room),HA,Agoda
Premier Senvila Boutique Resort & Spa,https://www.agoda.com/vi-vn/senvila-boutique-resort_2/hotel/hoi-an-vn.html?countryId=38&finalPriceView=1&isShowMobileAppPrice=false&cid=-333&numberOfBedrooms=&familyMode=false&adults=2&children=0&rooms=1&maxRooms=0&checkIn=2026-02-6&isCalendarCallout=false&childAges=&numberOfGuest=0&missingChildAges=false&travellerType=1&showReviewSubmissionEntry=false&currencyCode=VND&isFreeOccSearch=false&flightSearchCriteria=[object%20Object]&tspTypes=4&los=1&searchrequestid=ea21e352-df0b-4153-b6d2-9ddea68ad356,Deluxe Poolside Balcony with Garden View,HA,Agoda
Banla Boutique Hotel,https://www.agoda.com/banla-boutique-hotel/hotel/khu-chi-lang-vn.html?countryId=38&finalPriceView=2&isShowMobileAppPrice=false&cid=1922896&numberOfBedrooms=&familyMode=false&adults=2&children=0&rooms=1&maxRooms=0&checkIn=2025-07-30&isCalendarCallout=false&childAges=&numberOfGuest=0&missingChildAges=false&travellerType=1&showReviewSubmissionEntry=false&currencyCode=VND&isFreeOccSearch=false&tag=7b5d3de0-8c32-42c4-8f5e-11bf6952077c&tspTypes=2&los=1&searchrequestid=35b7bd7e-edc5-48cd-bfc9-22c1a3529ba2&ds=GK%2BAXD%2B55oiPibg6,Classic Double Room,ĐL,Agoda
Mơ Stay - Forest Resort,https://www.agoda.com/mo-stay-forest-resort-h36217950/hotel/dalat-vn.html?countryId=38&finalPriceView=2&isShowMobileAppPrice=false&cid=1922896&numberOfBedrooms=&familyMode=false&adults=2&children=0&rooms=1&maxRooms=0&checkIn=2025-07-30&isCalendarCallout=false&childAges=&numberOfGuest=0&missingChildAges=false&travellerType=1&showReviewSubmissionEntry=false&currencyCode=VND&isFreeOccSearch=false&tag=7b5d3de0-8c32-42c4-8f5e-11bf6952077c&los=1&searchrequestid=35b7bd7e-edc5-48cd-bfc9-22c1a3529ba2&ds=GK%2BAXD%2B55oiPibg6,Deluxe Balcony Room,ĐL,Agoda
Ana Mandara Villas Dalat Resort & Spa,https://www.agoda.com/ana-mandara-villas-dalat-resort-spa/hotel/dalat-vn.html?countryId=38&finalPriceView=2&isShowMobileAppPrice=false&cid=1922896&numberOfBedrooms=&familyMode=false&adults=2&children=0&rooms=1&maxRooms=0&checkIn=2025-07-30&isCalendarCallout=false&childAges=&numberOfGuest=0&missingChildAges=false&travellerType=1&showReviewSubmissionEntry=false&currencyCode=VND&isFreeOccSearch=false&tag=7b5d3de0-8c32-42c4-8f5e-11bf6952077c&tspTypes=15%2C8&los=1&searchrequestid=35b7bd7e-edc5-48cd-bfc9-22c1a3529ba2&ds=GK%2BAXD%2B55oiPibg6,Villa Double Room,ĐL,Agoda
Colline Dalat,https://www.agoda.com/hotel-colline_3/hotel/dalat-vn.html?countryId=38&finalPriceView=2&isShowMobileAppPrice=false&cid=1922896&numberOfBedrooms=&familyMode=false&adults=2&children=0&rooms=1&maxRooms=0&checkIn=2025-07-30&isCalendarCallout=false&childAges=&numberOfGuest=0&missingChildAges=false&travellerType=1&showReviewSubmissionEntry=false&currencyCode=VND&isFreeOccSearch=false&tag=7b5d3de0-8c32-42c4-8f5e-11bf6952077c&tspTypes=8&los=1&searchrequestid=35b7bd7e-edc5-48cd-bfc9-22c1a3529ba2&ds=GK%2BAXD%2B55oiPibg6,Superior Double Room,ĐL,Agoda
Terracotta Hotel and Resort Dalat,https://www.agoda.com/terracotta-hotel-and-resort-dalat/hotel/dalat-vn.html?countryId=38&finalPriceView=2&isShowMobileAppPrice=false&cid=1922896&numberOfBedrooms=&familyMode=false&adults=2&children=0&rooms=1&maxRooms=0&checkIn=2025-07-30&isCalendarCallout=false&childAges=&numberOfGuest=0&missingChildAges=false&travellerType=1&showReviewSubmissionEntry=false&currencyCode=VND&isFreeOccSearch=false&tag=7b5d3de0-8c32-42c4-8f5e-11bf6952077c&tspTypes=9%2C8&los=1&searchrequestid=35b7bd7e-edc5-48cd-bfc9-22c1a3529ba2&ds=GK%2BAXD%2B55oiPibg6,Superior Twin,ĐL,Agoda
Le Recit Boutique Hotel de Dalat,https://www.agoda.com/le-recit-boutique-hotel-de-dalat/hotel/dalat-vn.html?countryId=38&finalPriceView=2&isShowMobileAppPrice=false&cid=1922896&numberOfBedrooms=&familyMode=false&adults=2&children=0&rooms=1&maxRooms=0&checkIn=2025-07-30&isCalendarCallout=false&childAges=&numberOfGuest=0&missingChildAges=false&travellerType=1&showReviewSubmissionEntry=false&currencyCode=VND&isFreeOccSearch=false&tag=7b5d3de0-8c32-42c4-8f5e-11bf6952077c&tspTypes=8&los=1&searchrequestid=35b7bd7e-edc5-48cd-bfc9-22c1a3529ba2&ds=GK%2BAXD%2B55oiPibg6,Deluxe Twin,ĐL,Agoda
Swiss-Belresort Tuyen Lam Dalat,https://www.agoda.com/swiss-belresort-tuyen-lam-dalat/hotel/dalat-vn.html?countryId=38&finalPriceView=2&isShowMobileAppPrice=false&cid=1922896&numberOfBedrooms=&familyMode=false&adults=2&children=0&rooms=1&maxRooms=0&checkIn=2025-07-30&isCalendarCallout=false&childAges=&numberOfGuest=0&missingChildAges=false&travellerType=1&showReviewSubmissionEntry=false&currencyCode=VND&isFreeOccSearch=false&tag=7b5d3de0-8c32-42c4-8f5e-11bf6952077c&tspTypes=9%2C-1&los=1&searchrequestid=35b7bd7e-edc5-48cd-bfc9-22c1a3529ba2&ds=GK%2BAXD%2B55oiPibg6,Deluxe Mountain View King Room,ĐL,Agoda
Nexus House An Son Da Lat,https://www.agoda.com/nexus-house-an-son-da-l-t/hotel/dalat-vn.html?countryId=38&finalPriceView=2&isShowMobileAppPrice=false&cid=1922896&numberOfBedrooms=&familyMode=false&adults=2&children=0&rooms=1&maxRooms=0&checkIn=2025-07-30&isCalendarCallout=false&childAges=&numberOfGuest=0&missingChildAges=false&travellerType=1&showReviewSubmissionEntry=false&currencyCode=VND&isFreeOccSearch=false&tag=7b5d3de0-8c32-42c4-8f5e-11bf6952077c&los=1&searchrequestid=35b7bd7e-edc5-48cd-bfc9-22c1a3529ba2&ds=GK%2BAXD%2B55oiPibg6,Standard Double with Balcony,ĐL,Agoda
The Pink Boutique Hotel,https://www.agoda.com/the-pink-boutique-hotel/hotel/dalat-vn.html?countryId=38&finalPriceView=2&isShowMobileAppPrice=false&cid=1922896&numberOfBedrooms=&familyMode=false&adults=2&children=0&rooms=1&maxRooms=0&checkIn=2025-07-30&isCalendarCallout=false&childAges=&numberOfGuest=0&missingChildAges=false&travellerType=1&showReviewSubmissionEntry=false&currencyCode=VND&isFreeOccSearch=false&tag=7b5d3de0-8c32-42c4-8f5e-11bf6952077c&tspTypes=2&los=1&searchrequestid=35b7bd7e-edc5-48cd-bfc9-22c1a3529ba2&ds=GK%2BAXD%2B55oiPibg6,Classic Double,ĐL,Agoda
Túi Ba Gang Central Hotel,https://www.agoda.com/tui-ba-gang-central-hotel/hotel/dalat-vn.html?countryId=38&finalPriceView=2&isShowMobileAppPrice=false&cid=1922896&numberOfBedrooms=&familyMode=false&adults=2&children=0&rooms=1&maxRooms=0&checkIn=2025-07-30&isCalendarCallout=false&childAges=&numberOfGuest=0&missingChildAges=false&travellerType=1&showReviewSubmissionEntry=false&currencyCode=VND&isFreeOccSearch=false&tag=7b5d3de0-8c32-42c4-8f5e-11bf6952077c&tspTypes=4&los=1&searchrequestid=35b7bd7e-edc5-48cd-bfc9-22c1a3529ba2&ds=GK%2BAXD%2B55oiPibg6,Deluxe Room -- 1 Bed,ĐL,Agoda
Mùa Dalat Wellness Hotel,https://www.agoda.com/mua-dalat-wellness-hotel/hotel/dalat-vn.html?countryId=38&finalPriceView=2&isShowMobileAppPrice=false&cid=1922896&numberOfBedrooms=&familyMode=false&adults=2&children=0&rooms=1&maxRooms=0&checkIn=2025-07-30&isCalendarCallout=false&childAges=&numberOfGuest=0&missingChildAges=false&travellerType=1&showReviewSubmissionEntry=false&currencyCode=VND&isFreeOccSearch=false&tag=7b5d3de0-8c32-42c4-8f5e-11bf6952077c&los=1&searchrequestid=35b7bd7e-edc5-48cd-bfc9-22c1a3529ba2&ds=GK%2BAXD%2B55oiPibg6,Superior Double Room,ĐL,Agoda
Mercure Dalat Resort,https://www.agoda.com/vi-vn/mercure-da-lat-resort/hotel/dalat-vn.html?countryId=38&finalPriceView=1&isShowMobileAppPrice=false&cid=1833981&numberOfBedrooms=&familyMode=false&adults=2&children=0&rooms=1&maxRooms=0&checkIn=2026-02-3&isCalendarCallout=false&childAges=&numberOfGuest=0&missingChildAges=false&travellerType=1&showReviewSubmissionEntry=false&currencyCode=VND&isFreeOccSearch=false&flightSearchCriteria=%5Bobject+Object%5D&los=1&searchrequestid=151dce41-02b3-4537-868e-88ba4754821f&ds=WCvMDeNTDlHf9b9e,Deluxe Twin,ĐL,Agoda
Bach Place Dalat,https://www.agoda.com/bach-place-dalat/hotel/dalat-vn.html?countryId=38&finalPriceView=1&isShowMobileAppPrice=false&cid=1833981&numberOfBedrooms=&familyMode=false&adults=2&children=0&rooms=1&maxRooms=0&isCalendarCallout=false&childAges=&numberOfGuest=0&missingChildAges=false&travellerType=1&showReviewSubmissionEntry=false&currencyCode=VND&isFreeOccSearch=false&flightSearchCriteria=%5Bobject%20Object%5D&los=1&searchrequestid=5420f191-c2ab-4400-9486-5005aa532009&ds=kRNzZxqQmLBulEMM&checkin=2025-12-25,Deluxe Twin - Breakfast,ĐL,Agoda
The Mist Boutique - Deluxe City View,https://www.agoda.com/the-mist-boutique-hotel/hotel/dalat-vn.html?countryId=38&finalPriceView=1&isShowMobileAppPrice=false&cid=1917614&numberOfBedrooms=&familyMode=false&adults=2&children=0&rooms=1&maxRooms=0&isCalendarCallout=false&childAges=&numberOfGuest=0&missingChildAges=false&travellerType=1&showReviewSubmissionEntry=false&currencyCode=VND&isFreeOccSearch=false&los=1&searchrequestid=db1cfae1-30f2-4c21-94e3-b6d1b21c28c1&ds=WCvMDeNTDlHf9b9e&checkin=2026-01-06,Deluxe City View,ĐL,Agoda
The Mist Boutique - Suite City View Room,https://www.agoda.com/the-mist-boutique-hotel/hotel/dalat-vn.html?countryId=38&finalPriceView=1&isShowMobileAppPrice=false&cid=1917614&numberOfBedrooms=&familyMode=false&adults=2&children=0&rooms=1&maxRooms=0&isCalendarCallout=false&childAges=&numberOfGuest=0&missingChildAges=false&travellerType=1&showReviewSubmissionEntry=false&currencyCode=VND&isFreeOccSearch=false&los=1&searchrequestid=db1cfae1-30f2-4c21-94e3-b6d1b21c28c1&ds=WCvMDeNTDlHf9b9e&checkin=2026-01-06,Suite City View Room,ĐL,Agoda
The Mist Boutique - Double Room,https://www.agoda.com/the-mist-boutique-hotel/hotel/dalat-vn.html?countryId=38&finalPriceView=1&isShowMobileAppPrice=false&cid=1917614&numberOfBedrooms=&familyMode=false&adults=2&children=0&rooms=1&maxRooms=0&isCalendarCallout=false&childAges=&numberOfGuest=0&missingChildAges=false&travellerType=1&showReviewSubmissionEntry=false&currencyCode=VND&isFreeOccSearch=false&los=1&searchrequestid=db1cfae1-30f2-4c21-94e3-b6d1b21c28c1&ds=WCvMDeNTDlHf9b9e&checkin=2026-01-06,Double Room,ĐL,Agoda
The Mist Boutique - Deluxe Mountain View,https://www.agoda.com/the-mist-boutique-hotel/hotel/dalat-vn.html?countryId=38&finalPriceView=1&isShowMobileAppPrice=false&cid=1917614&numberOfBedrooms=&familyMode=false&adults=2&children=0&rooms=1&maxRooms=0&isCalendarCallout=false&childAges=&numberOfGuest=0&missingChildAges=false&travellerType=1&showReviewSubmissionEntry=false&currencyCode=VND&isFreeOccSearch=false&los=1&searchrequestid=db1cfae1-30f2-4c21-94e3-b6d1b21c28c1&ds=WCvMDeNTDlHf9b9e&checkin=2026-01-06,Deluxe Mountain View,ĐL,Agoda