input_url,hotel_name,property_id,source,provider_id,review_id,rating,rating_text,title,text,text_original,title_original,positives,negatives,review_date,review_date_text,check_in,check_out,stay_month,author,country,traveler_type,room_type,nights,helpful_votes,reply,reply_by,reply_date,reply_date_text,language,photos,crawled_at
https://www.agoda.com/vi-vn/almanity-hoi-an-wellness-resort-spa-inclusive/hotel/hoi-an-vn.html?countryId=38&finalPriceView=1&isShowMobileAppPrice=false&cid=1922896&numberOfBedrooms=&familyMode=false&adults=2&children=0&rooms=1&maxRooms=0&checkIn=2026-06-2&isCalendarCallout=false&childAges=&numberOfGuest=0&missingChildAges=false&travellerType=1&showReviewSubmissionEntry=false&currencyCode=VND&isFreeOccSearch=false&tag=7b5d3de0-8c32-42c4-8f5e-11bf6952077c&flightSearchCriteria=%5Bobject+Object%5D&tspTypes=-1&los=1&searchrequestid=4f54fde2-ec5e-4614-8b67-3d8f0b705149&ds=GK%2BAXD%2B55oiPibg6,Almanty - Junior Suite,686575,Agoda,332,1143492613,9.2,Exceptional,Relaxing stay,"We stayed at Almanity for 3 nights in the heat of June. The pool was magical and provided relief from the heat and made our stay wonderful and relaxing. There were plenty of sunlounges and shade. The pool cafe was a highlight, serving delicious drinks and food. I recommend the club sandwich. MOC Garden restaurant also served delicious meals. It is a bit of a walk to get to the ancient town - but once the sun goes down the walk is ok. The breakfast provided lots of options and is a real highlight. ",,,,,2026-07-07,"July 07, 2026",2026-06-26,2026-06-29,June 2026,Ulrike,Australia,Couple,Deluxe Pool Double or Twin,3,0,,Almanity Hoi An Resort & Spa,,,en,,2026-07-16 14:58
https://www.agoda.com/vi-vn/almanity-hoi-an-wellness-resort-spa-inclusive/hotel/hoi-an-vn.html?countryId=38&finalPriceView=1&isShowMobileAppPrice=false&cid=1922896&numberOfBedrooms=&familyMode=false&adults=2&children=0&rooms=1&maxRooms=0&checkIn=2026-06-2&isCalendarCallout=false&childAges=&numberOfGuest=0&missingChildAges=false&travellerType=1&showReviewSubmissionEntry=false&currencyCode=VND&isFreeOccSearch=false&tag=7b5d3de0-8c32-42c4-8f5e-11bf6952077c&flightSearchCriteria=%5Bobject+Object%5D&tspTypes=-1&los=1&searchrequestid=4f54fde2-ec5e-4614-8b67-3d8f0b705149&ds=GK%2BAXD%2B55oiPibg6,Almanty - Junior Suite,686575,Booking.com,3038,1145332801,9.0,Exceptional,An amazingly nice hotel…,,,,"The pool is absolutely amazing….rooms are well appointed, clean and comfortable beds….easy walk into the old town……",,2026-06-29,"June 29, 2026",,,,Kevin,,Couple,,0,0,,Almanity Hoi An Resort & Spa,,,en,,2026-07-16 14:58
https://www.agoda.com/vi-vn/almanity-hoi-an-wellness-resort-spa-inclusive/hotel/hoi-an-vn.html?countryId=38&finalPriceView=1&isShowMobileAppPrice=false&cid=1922896&numberOfBedrooms=&familyMode=false&adults=2&children=0&rooms=1&maxRooms=0&checkIn=2026-06-2&isCalendarCallout=false&childAges=&numberOfGuest=0&missingChildAges=false&travellerType=1&showReviewSubmissionEntry=false&currencyCode=VND&isFreeOccSearch=false&tag=7b5d3de0-8c32-42c4-8f5e-11bf6952077c&flightSearchCriteria=%5Bobject+Object%5D&tspTypes=-1&los=1&searchrequestid=4f54fde2-ec5e-4614-8b67-3d8f0b705149&ds=GK%2BAXD%2B55oiPibg6,Almanty - Junior Suite,686575,Agoda,332,1141732011,10.0,Exceptional,Peaceful Stay,"It’s very good hotel with great people. Stay, food and ambiance was so delighted.",,,,,2026-07-04,"July 04, 2026",2026-07-02,2026-07-04,July 2026,Akarshan,India,Couple,Superior Town Double or Twin,2,0,,Almanity Hoi An Resort & Spa,,,en,,2026-07-16 14:58
https://www.agoda.com/vi-vn/almanity-hoi-an-wellness-resort-spa-inclusive/hotel/hoi-an-vn.html?countryId=38&finalPriceView=1&isShowMobileAppPrice=false&cid=1922896&numberOfBedrooms=&familyMode=false&adults=2&children=0&rooms=1&maxRooms=0&checkIn=2026-06-2&isCalendarCallout=false&childAges=&numberOfGuest=0&missingChildAges=false&travellerType=1&showReviewSubmissionEntry=false&currencyCode=VND&isFreeOccSearch=false&tag=7b5d3de0-8c32-42c4-8f5e-11bf6952077c&flightSearchCriteria=%5Bobject+Object%5D&tspTypes=-1&los=1&searchrequestid=4f54fde2-ec5e-4614-8b67-3d8f0b705149&ds=GK%2BAXD%2B55oiPibg6,Almanty - Junior Suite,686575,Booking.com,3038,1131029123,10.0,Exceptional,Very nice,,,,"Clean, cool room, quiet AC, lots of space. Lovely pool and breakfast buffet.",,2026-06-05,"June 05, 2026",,,,RICHARD,,Solo traveler,,0,0,,Almanity Hoi An Resort & Spa,,,en,,2026-07-16 14:58
https://www.agoda.com/vi-vn/almanity-hoi-an-wellness-resort-spa-inclusive/hotel/hoi-an-vn.html?countryId=38&finalPriceView=1&isShowMobileAppPrice=false&cid=1922896&numberOfBedrooms=&familyMode=false&adults=2&children=0&rooms=1&maxRooms=0&checkIn=2026-06-2&isCalendarCallout=false&childAges=&numberOfGuest=0&missingChildAges=false&travellerType=1&showReviewSubmissionEntry=false&currencyCode=VND&isFreeOccSearch=false&tag=7b5d3de0-8c32-42c4-8f5e-11bf6952077c&flightSearchCriteria=%5Bobject+Object%5D&tspTypes=-1&los=1&searchrequestid=4f54fde2-ec5e-4614-8b67-3d8f0b705149&ds=GK%2BAXD%2B55oiPibg6,Almanty - Junior Suite,686575,Agoda,332,1141272199,10.0,Exceptional,Lots of shade,"I really enjoyed the Pool area as it was in the shade for most of the day. It was only a 5 to 10 minute walk into the main part of Hoi An, which was great as grabs (and traffic) are hard to get during peak hours. In saying that there are plenty of great restaurants nearby. After staying there a couple of days, I really started appreciating the location.",,,,,2026-07-03,"July 03, 2026",2026-06-27,2026-06-29,June 2026,Gus,Australia,Family with teens,Loft Room Double or Twin,2,0,,Almanity Hoi An Resort & Spa,,,en,,2026-07-16 14:58
https://www.agoda.com/vi-vn/almanity-hoi-an-wellness-resort-spa-inclusive/hotel/hoi-an-vn.html?countryId=38&finalPriceView=1&isShowMobileAppPrice=false&cid=1922896&numberOfBedrooms=&familyMode=false&adults=2&children=0&rooms=1&maxRooms=0&checkIn=2026-06-2&isCalendarCallout=false&childAges=&numberOfGuest=0&missingChildAges=false&travellerType=1&showReviewSubmissionEntry=false&currencyCode=VND&isFreeOccSearch=false&tag=7b5d3de0-8c32-42c4-8f5e-11bf6952077c&flightSearchCriteria=%5Bobject+Object%5D&tspTypes=-1&los=1&searchrequestid=4f54fde2-ec5e-4614-8b67-3d8f0b705149&ds=GK%2BAXD%2B55oiPibg6,Almanty - Junior Suite,686575,Booking.com,3038,1105079425,8.0,Excellent,"Good place, but probably better value for money",,,,"Nice property, great breakfast, even better location. Definitely on the pricier side for Hoi An, but was reliable. Comfy bed","Rooms were a little More dated than the photos made it seem. We like The free bikes the hotel
Advertised but they only had 13 and all were taken by the time we got there on 3/4 days we tried in our week long stay.",2026-04-02,"April 02, 2026",,,,Cameron,,Couple,,0,0,,Almanity Hoi An Resort & Spa,,,en,,2026-07-16 14:58
https://www.agoda.com/vi-vn/almanity-hoi-an-wellness-resort-spa-inclusive/hotel/hoi-an-vn.html?countryId=38&finalPriceView=1&isShowMobileAppPrice=false&cid=1922896&numberOfBedrooms=&familyMode=false&adults=2&children=0&rooms=1&maxRooms=0&checkIn=2026-06-2&isCalendarCallout=false&childAges=&numberOfGuest=0&missingChildAges=false&travellerType=1&showReviewSubmissionEntry=false&currencyCode=VND&isFreeOccSearch=false&tag=7b5d3de0-8c32-42c4-8f5e-11bf6952077c&flightSearchCriteria=%5Bobject+Object%5D&tspTypes=-1&los=1&searchrequestid=4f54fde2-ec5e-4614-8b67-3d8f0b705149&ds=GK%2BAXD%2B55oiPibg6,Almanty - Junior Suite,686575,Agoda,332,1141250232,10.0,Exceptional,Great stay,"Great stay in a great location. Staff were great, pool area was nice, spa treatment was well priced and great. Gym was great too, Would stay here again",,,,,2026-07-03,"July 03, 2026",2026-06-30,2026-07-02,June 2026,Hinda,United States,Solo traveler,Loft Room Double or Twin,2,0,,Almanity Hoi An Resort & Spa,,,en,,2026-07-16 14:58
https://www.agoda.com/vi-vn/almanity-hoi-an-wellness-resort-spa-inclusive/hotel/hoi-an-vn.html?countryId=38&finalPriceView=1&isShowMobileAppPrice=false&cid=1922896&numberOfBedrooms=&familyMode=false&adults=2&children=0&rooms=1&maxRooms=0&checkIn=2026-06-2&isCalendarCallout=false&childAges=&numberOfGuest=0&missingChildAges=false&travellerType=1&showReviewSubmissionEntry=false&currencyCode=VND&isFreeOccSearch=false&tag=7b5d3de0-8c32-42c4-8f5e-11bf6952077c&flightSearchCriteria=%5Bobject+Object%5D&tspTypes=-1&los=1&searchrequestid=4f54fde2-ec5e-4614-8b67-3d8f0b705149&ds=GK%2BAXD%2B55oiPibg6,Almanty - Junior Suite,686575,Booking.com,3038,1105079440,9.0,Exceptional,Excellent,,,,Lots of variety for breakfast. The hotel has bikes you can rent which was great. Pool table in the bar was a nice surprise.,"In the lift rooms, the wooden stairs are slippery. Also the lights for the vanity are connected to the lights in the main room which isn't ideal.",2026-03-27,"March 27, 2026",,,,Alisac,,Couple,,0,0,,Almanity Hoi An Resort & Spa,,,en,,2026-07-16 14:58
https://www.agoda.com/vi-vn/almanity-hoi-an-wellness-resort-spa-inclusive/hotel/hoi-an-vn.html?countryId=38&finalPriceView=1&isShowMobileAppPrice=false&cid=1922896&numberOfBedrooms=&familyMode=false&adults=2&children=0&rooms=1&maxRooms=0&checkIn=2026-06-2&isCalendarCallout=false&childAges=&numberOfGuest=0&missingChildAges=false&travellerType=1&showReviewSubmissionEntry=false&currencyCode=VND&isFreeOccSearch=false&tag=7b5d3de0-8c32-42c4-8f5e-11bf6952077c&flightSearchCriteria=%5Bobject+Object%5D&tspTypes=-1&los=1&searchrequestid=4f54fde2-ec5e-4614-8b67-3d8f0b705149&ds=GK%2BAXD%2B55oiPibg6,Almanty - Junior Suite,686575,Agoda,332,1138737056,10.0,Exceptional,"Es recomendado. El valor es mas alto que el promedio , pero es seguro.","Es un buen lugar para hospdarse , tiene restaurantes y cafes cerca , la habitación estaba limpia con pocos detalles, las toallas y sabanas muy limpias. El staff es amable, solo me preocupo el staff de la piscina , que un dia lo note tomando videos de nosotros y no tuve oportunidad de preguntar. Nos ofrecio rociar con agua fria , y luego lo descubri tomando videos. Extraño.",,,,,2026-06-28,"June 28, 2026",2026-06-23,2026-06-28,June 2026,Jimmy,Australia,Group,Loft Room Double or Twin,5,0,,Almanity Hoi An Resort & Spa,,,en,,2026-07-16 14:58
https://www.agoda.com/vi-vn/almanity-hoi-an-wellness-resort-spa-inclusive/hotel/hoi-an-vn.html?countryId=38&finalPriceView=1&isShowMobileAppPrice=false&cid=1922896&numberOfBedrooms=&familyMode=false&adults=2&children=0&rooms=1&maxRooms=0&checkIn=2026-06-2&isCalendarCallout=false&childAges=&numberOfGuest=0&missingChildAges=false&travellerType=1&showReviewSubmissionEntry=false&currencyCode=VND&isFreeOccSearch=false&tag=7b5d3de0-8c32-42c4-8f5e-11bf6952077c&flightSearchCriteria=%5Bobject+Object%5D&tspTypes=-1&los=1&searchrequestid=4f54fde2-ec5e-4614-8b67-3d8f0b705149&ds=GK%2BAXD%2B55oiPibg6,Almanty - Junior Suite,686575,Booking.com,3038,1099831490,10.0,Exceptional,Amazing hotel experience in Hoi An,,,,"We stayed 2 nights there and everything was fantastic to us: the staff, breakfast, pool, our room and location. It was my birthday week and there was tillite birthday cake waiting in our room. We stayed in loft room which was amazing, Hotel provides bikes for free which we used them on both days. Very big and delicious breakfast. Hotel also provides cooking class and small group daily trips. 
I would definitely recommend this hotel to everyone where you relax and get the best hospitality from hotel's staff. 
Thank you all Almanity resort!",,2026-03-23,"March 23, 2026",,,,Sebastian,,Couple,,0,0,,Almanity Hoi An Resort & Spa,,,en,,2026-07-16 14:58
https://www.agoda.com/vi-vn/almanity-hoi-an-wellness-resort-spa-inclusive/hotel/hoi-an-vn.html?countryId=38&finalPriceView=1&isShowMobileAppPrice=false&cid=1922896&numberOfBedrooms=&familyMode=false&adults=2&children=0&rooms=1&maxRooms=0&checkIn=2026-06-2&isCalendarCallout=false&childAges=&numberOfGuest=0&missingChildAges=false&travellerType=1&showReviewSubmissionEntry=false&currencyCode=VND&isFreeOccSearch=false&tag=7b5d3de0-8c32-42c4-8f5e-11bf6952077c&flightSearchCriteria=%5Bobject+Object%5D&tspTypes=-1&los=1&searchrequestid=4f54fde2-ec5e-4614-8b67-3d8f0b705149&ds=GK%2BAXD%2B55oiPibg6,Almanty - Junior Suite,686575,Agoda,332,1138813594,10.0,Exceptional,Wow!!,"Great resort and spa. One of the best places we stayed in during our visit to VN. Great facilities, super helpful staff, and amazing breakfast. I highly recommend!!",,,,,2026-06-28,"June 28, 2026",2026-06-17,2026-06-20,June 2026,Tomas,United States,Couple,Loft Room Double or Twin,3,0,,Almanity Hoi An Resort & Spa,,,en,,2026-07-16 14:58
https://www.agoda.com/vi-vn/almanity-hoi-an-wellness-resort-spa-inclusive/hotel/hoi-an-vn.html?countryId=38&finalPriceView=1&isShowMobileAppPrice=false&cid=1922896&numberOfBedrooms=&familyMode=false&adults=2&children=0&rooms=1&maxRooms=0&checkIn=2026-06-2&isCalendarCallout=false&childAges=&numberOfGuest=0&missingChildAges=false&travellerType=1&showReviewSubmissionEntry=false&currencyCode=VND&isFreeOccSearch=false&tag=7b5d3de0-8c32-42c4-8f5e-11bf6952077c&flightSearchCriteria=%5Bobject+Object%5D&tspTypes=-1&los=1&searchrequestid=4f54fde2-ec5e-4614-8b67-3d8f0b705149&ds=GK%2BAXD%2B55oiPibg6,Almanty - Junior Suite,686575,Booking.com,3038,1099831501,10.0,Exceptional,Love it,,,,Very nice . Great room. Excellent location . Very kind staff. Want to help all the time .,,2026-03-15,"March 15, 2026",,,,Simcha,,Couple,,0,0,,Almanity Hoi An Resort & Spa,,,en,,2026-07-16 14:58
https://www.agoda.com/vi-vn/almanity-hoi-an-wellness-resort-spa-inclusive/hotel/hoi-an-vn.html?countryId=38&finalPriceView=1&isShowMobileAppPrice=false&cid=1922896&numberOfBedrooms=&familyMode=false&adults=2&children=0&rooms=1&maxRooms=0&checkIn=2026-06-2&isCalendarCallout=false&childAges=&numberOfGuest=0&missingChildAges=false&travellerType=1&showReviewSubmissionEntry=false&currencyCode=VND&isFreeOccSearch=false&tag=7b5d3de0-8c32-42c4-8f5e-11bf6952077c&flightSearchCriteria=%5Bobject+Object%5D&tspTypes=-1&los=1&searchrequestid=4f54fde2-ec5e-4614-8b67-3d8f0b705149&ds=GK%2BAXD%2B55oiPibg6,Almanty - Junior Suite,686575,Agoda,332,1138530475,9.2,Exceptional,Hotel right in front of Mike Beach,"The accommodation is right in front of Mike Beach. The hotel was clean and it was nice to have afternoon tea. The rooftop pool offered a great view of Mike Beach, and having a drink at the beach beer shop after dinner brought a sense of romance... Especially for those flying during the day, the airport pickup was really convenient. I will definitely use it again next time.","숙소 바로앞이 미케비치 입니다.
호텔은 깨끗하고 에프터눈 티가 있어서 좋았어요
옥상에 수영장은 미케비치 해변을 한눈에 볼 수 있었고
저녁에 밥 먹고 해변 맥주가게에서 한잔하면 낭만은 저절로... 
특히 낮비행기 이용객들에게 공항 픽업은 정말 유용했습니다
다음번에도 이용 하겠습니다",미케비치 바로 앞 호텔,,,2026-06-27,"June 27, 2026",2026-06-25,2026-06-26,June 2026,상준,South Korea,Couple,Loft Room Double or Twin,1,0,,Almanity Hoi An Resort & Spa,,,ko,,2026-07-16 14:58
https://www.agoda.com/vi-vn/almanity-hoi-an-wellness-resort-spa-inclusive/hotel/hoi-an-vn.html?countryId=38&finalPriceView=1&isShowMobileAppPrice=false&cid=1922896&numberOfBedrooms=&familyMode=false&adults=2&children=0&rooms=1&maxRooms=0&checkIn=2026-06-2&isCalendarCallout=false&childAges=&numberOfGuest=0&missingChildAges=false&travellerType=1&showReviewSubmissionEntry=false&currencyCode=VND&isFreeOccSearch=false&tag=7b5d3de0-8c32-42c4-8f5e-11bf6952077c&flightSearchCriteria=%5Bobject+Object%5D&tspTypes=-1&los=1&searchrequestid=4f54fde2-ec5e-4614-8b67-3d8f0b705149&ds=GK%2BAXD%2B55oiPibg6,Almanty - Junior Suite,686575,Booking.com,3038,1082366595,10.0,Exceptional,Wonderful,,,,"Location
Pool
Staff
Fish
Orchids","1.Slippers, I learned that they are washing and used again for clients. This is wrong…",2026-03-13,"March 13, 2026",,,,Pervin,,Couple,,0,0,,Almanity Hoi An Resort & Spa,,,en,,2026-07-16 14:58
https://www.agoda.com/vi-vn/almanity-hoi-an-wellness-resort-spa-inclusive/hotel/hoi-an-vn.html?countryId=38&finalPriceView=1&isShowMobileAppPrice=false&cid=1922896&numberOfBedrooms=&familyMode=false&adults=2&children=0&rooms=1&maxRooms=0&checkIn=2026-06-2&isCalendarCallout=false&childAges=&numberOfGuest=0&missingChildAges=false&travellerType=1&showReviewSubmissionEntry=false&currencyCode=VND&isFreeOccSearch=false&tag=7b5d3de0-8c32-42c4-8f5e-11bf6952077c&flightSearchCriteria=%5Bobject+Object%5D&tspTypes=-1&los=1&searchrequestid=4f54fde2-ec5e-4614-8b67-3d8f0b705149&ds=GK%2BAXD%2B55oiPibg6,Almanty - Junior Suite,686575,Agoda,332,1138349125,10.0,Exceptional,What could be the reason for removing the star rating?,"I understand that it is difficult to maintain the quality that was previously provided, especially during tough economic times. However, everything here, from the employees' attitudes to cleanliness, was satisfactory. I felt there was no reason it shouldn't be rated a 5. During my month-long stay in Da Nang, I stayed at six different hotels, and this place had the cleanest shower filter. Additionally, there were always lifeguards present at the pool, ensuring safety and maintaining the water quality, which allowed me to enjoy swimming comfortably. From the moment I took the taxi and greeted the staff to the cleaning personnel and restaurant employees, everyone was friendly and proactive, making my stay very comfortable. The breakfast might not be extremely diverse, but there was still a decent variety of enjoyable dishes, and fresh vegetables were provided daily, which was a plus!","경제가 어려울수록 기존에 제공하던 퀄리티가 유지되기 어려움을 알고 있습니다. 그러나 이곳에서는 직원분들의 태도부터 청결함까지 모든것이 만족스러웠습니다. 5점이 아닐 이유가 없다라는 생각이 들었습니다. 그리고 다낭 한달살기하며 호텔 6곳을 거쳤으며 이곳에서 가장 샤워기 필터가 깨끗했습니다. 또한 수영장에도 거의 계속 안전요원도 함께하며 필요함이 없는지를 살펴봐주었으며 수영장 수질도 깨끗하게 유지되고 있어 편안하게 수영도 즐길 수 있었습니다. 처음 택시를 타고 내리면서부터 만난 직원분들부터 청소해주시는분들, 레스토랑의 직원들까지 모든분들이 친절하며 적극적인 태도에 편안하게 지내다 왔습니다. 조식은 엄청 다양하진 않지만 그래도 즐길만한정도의 다양한 메뉴가 나왔으며 깨끗한 야채가 매일 제공되어 더 좋았습니다!",별점을 뺄 이유가 뭐가 있을까요?,,,2026-06-25,"June 25, 2026",2026-06-12,2026-06-16,June 2026,DanBi,South Korea,Solo traveler,Loft Room Double or Twin,4,0,,Almanity Hoi An Resort & Spa,,,ko,,2026-07-16 14:58
https://www.agoda.com/vi-vn/almanity-hoi-an-wellness-resort-spa-inclusive/hotel/hoi-an-vn.html?countryId=38&finalPriceView=1&isShowMobileAppPrice=false&cid=1922896&numberOfBedrooms=&familyMode=false&adults=2&children=0&rooms=1&maxRooms=0&checkIn=2026-06-2&isCalendarCallout=false&childAges=&numberOfGuest=0&missingChildAges=false&travellerType=1&showReviewSubmissionEntry=false&currencyCode=VND&isFreeOccSearch=false&tag=7b5d3de0-8c32-42c4-8f5e-11bf6952077c&flightSearchCriteria=%5Bobject+Object%5D&tspTypes=-1&los=1&searchrequestid=4f54fde2-ec5e-4614-8b67-3d8f0b705149&ds=GK%2BAXD%2B55oiPibg6,Almanty - Junior Suite,686575,Booking.com,3038,1081167231,9.0,Exceptional,It was very relaxing and refreshing which is exactly what I was looking for!!!,,,,The pools and the amenities; the staff was extremely helpful. There was a great breakfast buffet and the on site restaurant had great options that were delicious. Also pool side food and drink service was available.,The steps to get to my rooftop terrace room; but the staff helped a lot to ensure I enjoyed my special room and my stay!!!,2026-02-24,"February 24, 2026",,,,Deborah,,Couple,,0,0,,Almanity Hoi An Resort & Spa,,,en,,2026-07-16 14:58
https://www.agoda.com/vi-vn/almanity-hoi-an-wellness-resort-spa-inclusive/hotel/hoi-an-vn.html?countryId=38&finalPriceView=1&isShowMobileAppPrice=false&cid=1922896&numberOfBedrooms=&familyMode=false&adults=2&children=0&rooms=1&maxRooms=0&checkIn=2026-06-2&isCalendarCallout=false&childAges=&numberOfGuest=0&missingChildAges=false&travellerType=1&showReviewSubmissionEntry=false&currencyCode=VND&isFreeOccSearch=false&tag=7b5d3de0-8c32-42c4-8f5e-11bf6952077c&flightSearchCriteria=%5Bobject+Object%5D&tspTypes=-1&los=1&searchrequestid=4f54fde2-ec5e-4614-8b67-3d8f0b705149&ds=GK%2BAXD%2B55oiPibg6,Almanty - Junior Suite,686575,Agoda,332,1134495095,10.0,Exceptional,Very appreciative,"The come here everything we come to HoiAn. Very good location with amazing service, super nice staffs ",,,,,2026-06-19,"June 19, 2026",2026-06-18,2026-06-20,June 2026,Le,Vietnam,Family with teens,Loft Room Double or Twin,2,0,,Almanity Hoi An Resort & Spa,,,en,,2026-07-16 14:58
https://www.agoda.com/vi-vn/almanity-hoi-an-wellness-resort-spa-inclusive/hotel/hoi-an-vn.html?countryId=38&finalPriceView=1&isShowMobileAppPrice=false&cid=1922896&numberOfBedrooms=&familyMode=false&adults=2&children=0&rooms=1&maxRooms=0&checkIn=2026-06-2&isCalendarCallout=false&childAges=&numberOfGuest=0&missingChildAges=false&travellerType=1&showReviewSubmissionEntry=false&currencyCode=VND&isFreeOccSearch=false&tag=7b5d3de0-8c32-42c4-8f5e-11bf6952077c&flightSearchCriteria=%5Bobject+Object%5D&tspTypes=-1&los=1&searchrequestid=4f54fde2-ec5e-4614-8b67-3d8f0b705149&ds=GK%2BAXD%2B55oiPibg6,Almanty - Junior Suite,686575,Booking.com,3038,1075796323,10.0,Exceptional,Exceptional,,,,"Everything was great, location was nice, they arranged motorbike rentals for us in a few minutes. Room and bed were clean and comfortable!!",,2026-02-08,"February 08, 2026",,,,Simon,,Couple,,0,0,,Almanity Hoi An Resort & Spa,,,en,,2026-07-16 14:58
https://www.agoda.com/vi-vn/almanity-hoi-an-wellness-resort-spa-inclusive/hotel/hoi-an-vn.html?countryId=38&finalPriceView=1&isShowMobileAppPrice=false&cid=1922896&numberOfBedrooms=&familyMode=false&adults=2&children=0&rooms=1&maxRooms=0&checkIn=2026-06-2&isCalendarCallout=false&childAges=&numberOfGuest=0&missingChildAges=false&travellerType=1&showReviewSubmissionEntry=false&currencyCode=VND&isFreeOccSearch=false&tag=7b5d3de0-8c32-42c4-8f5e-11bf6952077c&flightSearchCriteria=%5Bobject+Object%5D&tspTypes=-1&los=1&searchrequestid=4f54fde2-ec5e-4614-8b67-3d8f0b705149&ds=GK%2BAXD%2B55oiPibg6,Almanty - Junior Suite,686575,Agoda,332,1131964116,10.0,Exceptional,Lovely holiday,"The facility is clean and the staff's response is wonderful. The breakfast has an incredible variety, is delicious, and I am very satisfied. It is about a 10-minute walk to the old town of Hoi An, and the price is reasonable. The shuttle service includes cold water and a wet napkin service, and although the prices are reasonable, the service is comparable to that of a luxury hotel! They frequently contacted me before my departure, and when I requested a restaurant reservation, they kindly accommodated me. I will definitely visit again!","施設は清潔感もありスタッフの方々の対応も素敵です。
朝ごはんもものすごく種類が豊富で、味も美味しく大満足です。
ホイアンの旧市街にも10分程度で歩いて行け、価格もリーズナブル。
送迎サービスも冷たい水におしぼりのサービス、価格はリーズナブルなのに対応は高級ホテル並み！
出国前にこまめに連絡をいただき、レストランの予約をお願いしたら心よく対応していただきました。
また必ず再訪します！",素敵な休日,,,2026-06-15,"June 15, 2026",2026-06-04,2026-06-05,June 2026,Takashi,Japan,Couple,Loft Room Double or Twin,1,0,,Almanity Hoi An Resort & Spa,,,ja,,2026-07-16 14:58
https://www.agoda.com/vi-vn/almanity-hoi-an-wellness-resort-spa-inclusive/hotel/hoi-an-vn.html?countryId=38&finalPriceView=1&isShowMobileAppPrice=false&cid=1922896&numberOfBedrooms=&familyMode=false&adults=2&children=0&rooms=1&maxRooms=0&checkIn=2026-06-2&isCalendarCallout=false&childAges=&numberOfGuest=0&missingChildAges=false&travellerType=1&showReviewSubmissionEntry=false&currencyCode=VND&isFreeOccSearch=false&tag=7b5d3de0-8c32-42c4-8f5e-11bf6952077c&flightSearchCriteria=%5Bobject+Object%5D&tspTypes=-1&los=1&searchrequestid=4f54fde2-ec5e-4614-8b67-3d8f0b705149&ds=GK%2BAXD%2B55oiPibg6,Almanty - Junior Suite,686575,Booking.com,3038,1070982195,8.0,Excellent,very enjoyable,,,,"breakfast was amazing, the loft room was a bit tight for our liking. I did enjoy the bed upstairs, but the living area felt cramped. and I would prefer sink in bathroom","sink in the main area, a bit cramped. The wifi was awful and didn't work half the time.",2026-01-26,"January 26, 2026",,,,Anthony,,Couple,,0,0,,Almanity Hoi An Resort & Spa,,,en,,2026-07-16 14:58
https://www.agoda.com/vi-vn/almanity-hoi-an-wellness-resort-spa-inclusive/hotel/hoi-an-vn.html?countryId=38&finalPriceView=1&isShowMobileAppPrice=false&cid=1922896&numberOfBedrooms=&familyMode=false&adults=2&children=0&rooms=1&maxRooms=0&checkIn=2026-06-2&isCalendarCallout=false&childAges=&numberOfGuest=0&missingChildAges=false&travellerType=1&showReviewSubmissionEntry=false&currencyCode=VND&isFreeOccSearch=false&tag=7b5d3de0-8c32-42c4-8f5e-11bf6952077c&flightSearchCriteria=%5Bobject+Object%5D&tspTypes=-1&los=1&searchrequestid=4f54fde2-ec5e-4614-8b67-3d8f0b705149&ds=GK%2BAXD%2B55oiPibg6,Almanty - Junior Suite,686575,Agoda,332,1129090650,10.0,Exceptional,Awesome,Loved our stay at Almanity Hoi A Resort - great location as only a short walk down the laneway opp hotel into the Ancient Town - close to lots of restaurants and spa’s. Great Cafe opp that has amazing açaí bowls and smoothies but all sorts of things to eat in it.  Great laundry just down the laneway as well and so cheap. Amazing pool and staff are lovely and great breakfast selection. Will definitely be staying here again,,,,,2026-06-06,"June 06, 2026",2026-05-30,2026-06-02,May 2026,Vanessa,Australia,Couple,Superior Town Double or Twin,3,0,,Almanity Hoi An Resort & Spa,,,en,,2026-07-16 14:58
https://www.agoda.com/vi-vn/almanity-hoi-an-wellness-resort-spa-inclusive/hotel/hoi-an-vn.html?countryId=38&finalPriceView=1&isShowMobileAppPrice=false&cid=1922896&numberOfBedrooms=&familyMode=false&adults=2&children=0&rooms=1&maxRooms=0&checkIn=2026-06-2&isCalendarCallout=false&childAges=&numberOfGuest=0&missingChildAges=false&travellerType=1&showReviewSubmissionEntry=false&currencyCode=VND&isFreeOccSearch=false&tag=7b5d3de0-8c32-42c4-8f5e-11bf6952077c&flightSearchCriteria=%5Bobject+Object%5D&tspTypes=-1&los=1&searchrequestid=4f54fde2-ec5e-4614-8b67-3d8f0b705149&ds=GK%2BAXD%2B55oiPibg6,Almanty - Junior Suite,686575,Booking.com,3038,1070982223,10.0,Exceptional,such a relaxing retreat during our time in vietnam!,,,,incredible place with top tier amenities. breakfast buffet was delicious with so many varieties of vietnamese food everyday. staff was wonderful!,,2026-01-14,"January 14, 2026",,,,marisa,,Couple,,0,0,,Almanity Hoi An Resort & Spa,,,en,,2026-07-16 14:58
https://www.agoda.com/vi-vn/almanity-hoi-an-wellness-resort-spa-inclusive/hotel/hoi-an-vn.html?countryId=38&finalPriceView=1&isShowMobileAppPrice=false&cid=1922896&numberOfBedrooms=&familyMode=false&adults=2&children=0&rooms=1&maxRooms=0&checkIn=2026-06-2&isCalendarCallout=false&childAges=&numberOfGuest=0&missingChildAges=false&travellerType=1&showReviewSubmissionEntry=false&currencyCode=VND&isFreeOccSearch=false&tag=7b5d3de0-8c32-42c4-8f5e-11bf6952077c&flightSearchCriteria=%5Bobject+Object%5D&tspTypes=-1&los=1&searchrequestid=4f54fde2-ec5e-4614-8b67-3d8f0b705149&ds=GK%2BAXD%2B55oiPibg6,Almanty - Junior Suite,686575,Agoda,332,1127789909,9.6,Exceptional,Ooooh buddy,"Great place n the staff are great. From the receptionist to the life guard, great recommendations, very helpful. ",,,,,2026-06-04,"June 04, 2026",2026-06-02,2026-06-03,June 2026,Rohin,Canada,Solo traveler,Loft Room Double or Twin,1,0,,Almanity Hoi An Resort & Spa,,,en,,2026-07-16 14:58
https://www.agoda.com/vi-vn/almanity-hoi-an-wellness-resort-spa-inclusive/hotel/hoi-an-vn.html?countryId=38&finalPriceView=1&isShowMobileAppPrice=false&cid=1922896&numberOfBedrooms=&familyMode=false&adults=2&children=0&rooms=1&maxRooms=0&checkIn=2026-06-2&isCalendarCallout=false&childAges=&numberOfGuest=0&missingChildAges=false&travellerType=1&showReviewSubmissionEntry=false&currencyCode=VND&isFreeOccSearch=false&tag=7b5d3de0-8c32-42c4-8f5e-11bf6952077c&flightSearchCriteria=%5Bobject+Object%5D&tspTypes=-1&los=1&searchrequestid=4f54fde2-ec5e-4614-8b67-3d8f0b705149&ds=GK%2BAXD%2B55oiPibg6,Almanty - Junior Suite,686575,Booking.com,3038,1067235812,9.0,Exceptional,Excellent,,,,All of staffs were so kind and treat us very well,Having two floors is a bit anoying when you have to go bathroom in the middle of night,2026-01-08,"January 08, 2026",,,,Ricardo,,Couple,,0,0,,Almanity Hoi An Resort & Spa,,,en,,2026-07-16 14:58
https://www.agoda.com/vi-vn/almanity-hoi-an-wellness-resort-spa-inclusive/hotel/hoi-an-vn.html?countryId=38&finalPriceView=1&isShowMobileAppPrice=false&cid=1922896&numberOfBedrooms=&familyMode=false&adults=2&children=0&rooms=1&maxRooms=0&checkIn=2026-06-2&isCalendarCallout=false&childAges=&numberOfGuest=0&missingChildAges=false&travellerType=1&showReviewSubmissionEntry=false&currencyCode=VND&isFreeOccSearch=false&tag=7b5d3de0-8c32-42c4-8f5e-11bf6952077c&flightSearchCriteria=%5Bobject+Object%5D&tspTypes=-1&los=1&searchrequestid=4f54fde2-ec5e-4614-8b67-3d8f0b705149&ds=GK%2BAXD%2B55oiPibg6,Almanty - Junior Suite,686575,Agoda,332,1126389585,8.4,Excellent,Photo restaurant,"Chosen accommodation based on the pool photo, the pool is shaded so you can play all day. Luxurious breakfast. Delicious restaurants nearby. It's nice that the duplex room is separated from the bedroom, but it's inconvenient to go to the bathroom at night. During the day, it’s hard to walk around since the central market or night market in Hoi An is hot. It costs around 30,000 dong by Grab to Yoon's Restaurant.","수영장 사진 보고 선택한 숙소,  수영장에 그늘이 져서 하루 종일 놀 수 있음.  고급스러운 조식. 근처에 맛있는 식당들.  복층 객실로 침실과 분리되서 좋지만,  자다가 화장실 불편).  한 낮에는, 호이안 중앙시장이나  야시장쪽은 더워서 걷기 힘듦. 윤식당까지 그랩 3만동 정도.",사진 맛집,,,2026-05-31,"May 31, 2026",2026-05-27,2026-05-29,May 2026,Jeongho,South Korea,Group,Loft Room Double or Twin,2,0,,Almanity Hoi An Resort & Spa,,,ko,,2026-07-16 14:58
https://www.agoda.com/vi-vn/almanity-hoi-an-wellness-resort-spa-inclusive/hotel/hoi-an-vn.html?countryId=38&finalPriceView=1&isShowMobileAppPrice=false&cid=1922896&numberOfBedrooms=&familyMode=false&adults=2&children=0&rooms=1&maxRooms=0&checkIn=2026-06-2&isCalendarCallout=false&childAges=&numberOfGuest=0&missingChildAges=false&travellerType=1&showReviewSubmissionEntry=false&currencyCode=VND&isFreeOccSearch=false&tag=7b5d3de0-8c32-42c4-8f5e-11bf6952077c&flightSearchCriteria=%5Bobject+Object%5D&tspTypes=-1&los=1&searchrequestid=4f54fde2-ec5e-4614-8b67-3d8f0b705149&ds=GK%2BAXD%2B55oiPibg6,Almanty - Junior Suite,686575,Booking.com,3038,1067235848,10.0,Exceptional,"Loved this hotel, excellent staff and great location. Will come back!",,,,"Spa was very good. We upgraded our room for no split level and got a very nice room.Location is great, walking distance to old town. Staff was excellent, very helpful especially MY at the front desk.",Split level room was not described when I booked; bedroom upstairs and living and bathroom are downstairs. We had to upgrade in order to have room with bathroom one same level,2026-01-01,"January 01, 2026",,,,Mai,,Couple,,0,0,,Almanity Hoi An Resort & Spa,,,en,,2026-07-16 14:58
https://www.agoda.com/vi-vn/almanity-hoi-an-wellness-resort-spa-inclusive/hotel/hoi-an-vn.html?countryId=38&finalPriceView=1&isShowMobileAppPrice=false&cid=1922896&numberOfBedrooms=&familyMode=false&adults=2&children=0&rooms=1&maxRooms=0&checkIn=2026-06-2&isCalendarCallout=false&childAges=&numberOfGuest=0&missingChildAges=false&travellerType=1&showReviewSubmissionEntry=false&currencyCode=VND&isFreeOccSearch=false&tag=7b5d3de0-8c32-42c4-8f5e-11bf6952077c&flightSearchCriteria=%5Bobject+Object%5D&tspTypes=-1&los=1&searchrequestid=4f54fde2-ec5e-4614-8b67-3d8f0b705149&ds=GK%2BAXD%2B55oiPibg6,Almanty - Junior Suite,686575,Agoda,332,1124363902,10.0,Exceptional,Awesome,"Very clean, the floor is spotless. The swimming pool has very clean water, it seems to be heated, the water is not cold at the beginning. The food is very delicious. The receptionist is gentle, beautiful, and very lovely; I forgot to check her name tag, I only saw that she is around 40 years old.","Rất sạch sẽ, nền nhà sạch bong ko vết
Bể bơi nước sạch lắm, hình như bể bơi điều hòa, nước không bị lạnh lúc ban đầu
Đồ ăn rất ngon
Chị lễ Tân dịu dàng, xinh đẹp mà dễ thương lắm, tôi quên ko xem biển tên chị, chỉ thấy chị tầm 40 tuổi",Tuyệt vời,,,2026-05-28,"May 28, 2026",2026-05-27,2026-05-28,May 2026,Nga,Vietnam,Family with young children,Deluxe Pool Double or Twin,1,0,,Almanity Hoi An Resort & Spa,,,vi,,2026-07-16 14:58
https://www.agoda.com/vi-vn/almanity-hoi-an-wellness-resort-spa-inclusive/hotel/hoi-an-vn.html?countryId=38&finalPriceView=1&isShowMobileAppPrice=false&cid=1922896&numberOfBedrooms=&familyMode=false&adults=2&children=0&rooms=1&maxRooms=0&checkIn=2026-06-2&isCalendarCallout=false&childAges=&numberOfGuest=0&missingChildAges=false&travellerType=1&showReviewSubmissionEntry=false&currencyCode=VND&isFreeOccSearch=false&tag=7b5d3de0-8c32-42c4-8f5e-11bf6952077c&flightSearchCriteria=%5Bobject+Object%5D&tspTypes=-1&los=1&searchrequestid=4f54fde2-ec5e-4614-8b67-3d8f0b705149&ds=GK%2BAXD%2B55oiPibg6,Almanty - Junior Suite,686575,Booking.com,3038,1067235860,9.0,Exceptional,Excellent,,,,"Swimming pool, breakfast, room",,2025-12-29,"December 29, 2025",,,,Jessica,,Solo traveler,,0,0,,Almanity Hoi An Resort & Spa,,,en,,2026-07-16 14:58
https://www.agoda.com/vi-vn/almanity-hoi-an-wellness-resort-spa-inclusive/hotel/hoi-an-vn.html?countryId=38&finalPriceView=1&isShowMobileAppPrice=false&cid=1922896&numberOfBedrooms=&familyMode=false&adults=2&children=0&rooms=1&maxRooms=0&checkIn=2026-06-2&isCalendarCallout=false&childAges=&numberOfGuest=0&missingChildAges=false&travellerType=1&showReviewSubmissionEntry=false&currencyCode=VND&isFreeOccSearch=false&tag=7b5d3de0-8c32-42c4-8f5e-11bf6952077c&flightSearchCriteria=%5Bobject+Object%5D&tspTypes=-1&los=1&searchrequestid=4f54fde2-ec5e-4614-8b67-3d8f0b705149&ds=GK%2BAXD%2B55oiPibg6,Almanty - Junior Suite,686575,Agoda,332,1123148452,10.0,Exceptional,Good value and good location.,"We booked a room for four people, and it was more enjoyable to travel together in a comfortable room. There were three single beds and one sofa bed, which was not bad, and each of us slept in our own beds. We woke up early in the morning, did a slow run to the Old Town, came back, had breakfast, and then went swimming, which was wonderful. The staff managing the pool were very friendly.",4명이서 한 호실로 예약했는데 쾌적하고 같은 방이라 더 재밌게 여행했네요 싱글3개에 쇼파베드 1개 였는데 소파베드도 나쁘지 않고 각자 침대에서 잤어요 아침에 일찍일어나서 올드타운까지 슬로우 러닝하고 와서 조식먹고 수영하니깐 넘좋았고 수영장관리 직원분 정말 친절해요,가성비 위치 좋은 수고,,,2026-05-24,"May 24, 2026",2026-05-17,2026-05-19,May 2026,최경미,South Korea,Group,Executive Suite King or Twin,2,0,,Almanity Hoi An Resort & Spa,,,ko,,2026-07-16 14:58
https://www.agoda.com/vi-vn/almanity-hoi-an-wellness-resort-spa-inclusive/hotel/hoi-an-vn.html?countryId=38&finalPriceView=1&isShowMobileAppPrice=false&cid=1922896&numberOfBedrooms=&familyMode=false&adults=2&children=0&rooms=1&maxRooms=0&checkIn=2026-06-2&isCalendarCallout=false&childAges=&numberOfGuest=0&missingChildAges=false&travellerType=1&showReviewSubmissionEntry=false&currencyCode=VND&isFreeOccSearch=false&tag=7b5d3de0-8c32-42c4-8f5e-11bf6952077c&flightSearchCriteria=%5Bobject+Object%5D&tspTypes=-1&los=1&searchrequestid=4f54fde2-ec5e-4614-8b67-3d8f0b705149&ds=GK%2BAXD%2B55oiPibg6,Almanty - Junior Suite,686575,Booking.com,3038,1062626698,10.0,Exceptional,"Perfect location, perfect facility!",,,,"An oasis in a lovely town. Peaceful, inviting, calm. Staff was super helpful and well informed.","On site restaurant is lacking. Food quality was marginal, price for value is not good. This was a shock for us, we had anticipated better",2025-12-24,"December 24, 2025",,,,Scott,,Couple,,0,0,,Almanity Hoi An Resort & Spa,,,en,,2026-07-16 14:58
