Hotel,URL,Room to be extracted
muong thanh,https://www.agoda.com/vi-vn/muong-thanh-luxury-saigon-hotel/hotel/ho-chi-minh-city-vn.html?countryId=38&finalPriceView=1&isShowMobileAppPrice=false&cid=1915566&numberOfBedrooms=&familyMode=false&adults=2&children=0&rooms=1&maxRooms=0&checkIn=2026-08-20&isCalendarCallout=false&childAges=&numberOfGuest=0&missingChildAges=false&travellerType=1&showReviewSubmissionEntry=false&currencyCode=VND&isFreeOccSearch=false&los=1&searchrequestid=1b00184f-7603-4799-a1da-1db7395995d4&ds=kzJQ9W2B%2B7OYlodB,Phòng Hai Giường Đơn Loại Sang (Deluxe Twin Room)
garden plaza,https://www.agoda.com/vi-vn/parkroyal-saigon-hotel/hotel/ho-chi-minh-city-vn.html?countryId=38&finalPriceView=1&isShowMobileAppPrice=false&cid=1844104&numberOfBedrooms=&familyMode=false&adults=2&children=0&rooms=1&maxRooms=0&isCalendarCallout=false&childAges=&numberOfGuest=0&missingChildAges=false&travellerType=1&showReviewSubmissionEntry=false&currencyCode=VND&isFreeOccSearch=false&los=1&searchrequestid=e9aebdd8-59ec-4424-8ad5-efe33db211e5&ds=iQrO%2FmNyZI5AkqaM&checkin=2026-08-20,Phòng Superior 2 giường (Superior Twin Room)
holiday inn,https://www.agoda.com/vi-vn/holiday-inn-hotel-and-suites-saigon-airport/hotel/ho-chi-minh-city-vn.html?countryId=38&finalPriceView=1&isShowMobileAppPrice=false&cid=1833981&numberOfBedrooms=&familyMode=false&adults=2&children=0&rooms=1&maxRooms=0&checkIn=2026-08-20&isCalendarCallout=false&childAges=&numberOfGuest=0&missingChildAges=false&travellerType=1&showReviewSubmissionEntry=false&currencyCode=VND&isFreeOccSearch=false&tspTypes=-1&los=1&searchrequestid=79ea073c-1403-42e2-8e2e-6c5812540685&ds=I0ZwadZvDdybffQc,Phòng Tiêu chuẩn 1 giường King Phù hợp cho người khuyết tật (1 King Standard Accessible)
eastin,https://www.agoda.com/vi-vn/eastin-grand-hotel-saigon/hotel/ho-chi-minh-city-vn.html?countryId=38&finalPriceView=1&isShowMobileAppPrice=false&cid=1915566&numberOfBedrooms=&familyMode=false&adults=2&children=0&rooms=1&maxRooms=0&checkIn=2026-08-20&isCalendarCallout=false&childAges=&numberOfGuest=0&missingChildAges=false&travellerType=1&showReviewSubmissionEntry=false&currencyCode=VND&isFreeOccSearch=false&los=1&searchrequestid=2fed5261-2cbd-482f-a449-66cb96902a78&ds=IROrW5Z055RSoMTc,Phòng Superior (Superior)
kin wander tan binh,https://www.agoda.com/vi-vn/kin-wander-the-mountain/hotel/ho-chi-minh-city-vn.html?countryId=38&finalPriceView=1&isShowMobileAppPrice=false&cid=1915566&numberOfBedrooms=&familyMode=false&adults=2&children=0&rooms=1&maxRooms=0&checkIn=2026-08-20&isCalendarCallout=false&childAges=&numberOfGuest=0&missingChildAges=false&travellerType=1&showReviewSubmissionEntry=false&currencyCode=VND&isFreeOccSearch=false&tspTypes=6&los=1&searchrequestid=ac2473b7-c227-4d80-9fd9-d2ec28c5c388&ds=aMQcSpWMpPQwaChy,Phòng Tiêu chuẩn có ban công (Standard with Balcony)
vissai,https://www.agoda.com/vi-vn/vissai-saigon-hotel/hotel/ho-chi-minh-city-vn.html?countryId=38&finalPriceView=1&isShowMobileAppPrice=false&cid=1917614&numberOfBedrooms=&familyMode=false&adults=2&children=0&rooms=1&maxRooms=0&checkIn=2026-08-20&isCalendarCallout=false&childAges=&numberOfGuest=0&missingChildAges=false&travellerType=1&showReviewSubmissionEntry=false&currencyCode=VND&isFreeOccSearch=false&los=1&searchrequestid=3f95fe45-dc43-431a-8a00-e90c61ac6509&ds=BrA9iO1gtK7hw70q,Deluxe giường đôi (Deluxe Double)
MV Nguyễn Kiệm,https://www.agoda.com/vi-vn/m-village-nguy-n-ki-m-cosmo-airport-hotel/hotel/ho-chi-minh-city-vn.html?countryId=38&finalPriceView=1&isShowMobileAppPrice=false&cid=1844104&numberOfBedrooms=&familyMode=false&adults=2&children=0&rooms=1&maxRooms=0&checkIn=2026-07-23&isCalendarCallout=false&childAges=&numberOfGuest=0&missingChildAges=false&travellerType=1&showReviewSubmissionEntry=false&currencyCode=VND&isFreeOccSearch=false&los=1&searchrequestid=cd036999-9f9b-48f3-b6cd-13b75e66dcca&ds=ZH7qNuLRk3ZNFj6%2F,Studio không có Cửa sổ (Studio without Window)
MV Cửu Long,https://www.agoda.com/vi-vn/m-village-c-u-long/hotel/ho-chi-minh-city-vn.html?countryId=38&finalPriceView=1&isShowMobileAppPrice=false&cid=1922877&numberOfBedrooms=&familyMode=false&adults=1&children=0&rooms=1&maxRooms=0&checkIn=2026-08-13&isCalendarCallout=false&childAges=&numberOfGuest=0&missingChildAges=false&travellerType=0&showReviewSubmissionEntry=false&currencyCode=VND&isFreeOccSearch=false&tag=5d826d51-88c9-4df0-b189-f1bded13e91e&tspTypes=16&los=1&searchrequestid=b4d8cd8b-e2b0-4ac7-92f7-cfdaa7a4dd3d&ds=zYqysac2tVDSpACT,Phòng giường đơn có cửa sổ (Single Room with Window)
Dream palace ben thanh,https://www.agoda.com/vi-vn/dream-palace-ben-thanh-grand-hotel-h87175756/hotel/ho-chi-minh-city-vn.html?countryId=38&finalPriceView=1&isShowMobileAppPrice=false&cid=1844104&numberOfBedrooms=&familyMode=false&adults=2&children=0&rooms=1&maxRooms=0&isCalendarCallout=false&childAges=&numberOfGuest=0&missingChildAges=false&travellerType=1&showReviewSubmissionEntry=false&currencyCode=VND&isFreeOccSearch=false&los=1&searchrequestid=d75a8713-397f-4afc-a52c-e29904c402be&ds=gfI2mP%2B8OBCn9UiO&checkin=2026-08-20,Phòng Tiêu Chuẩn Có Giường Cỡ King (Standard King Room)
jw marriott hotel & suites saigon,https://www.agoda.com/vi-vn/jw-marriott-hotel-suites-saigon/hotel/ho-chi-minh-city-vn.html?countryId=38&finalPriceView=1&isShowMobileAppPrice=false&cid=1844104&numberOfBedrooms=&familyMode=false&adults=2&children=0&rooms=1&maxRooms=0&checkIn=2026-07-23&isCalendarCallout=false&childAges=&numberOfGuest=0&missingChildAges=false&travellerType=1&showReviewSubmissionEntry=false&currencyCode=VND&isFreeOccSearch=false&los=1&searchrequestid=a7c6694b-4f5d-4805-b07e-12cdd988c658&ds=Cf3%2Fd5dTyieq68Ap,"Deluxe Guest room, 1 King"
liberty,https://www.agoda.com/vi-vn/liberty-central-saigon-centre-hotel/hotel/ho-chi-minh-city-vn.html?countryId=38&finalPriceView=1&isShowMobileAppPrice=false&cid=1922877&numberOfBedrooms=&familyMode=false&adults=1&children=0&rooms=1&maxRooms=0&checkIn=2026-07-23&isCalendarCallout=false&childAges=&numberOfGuest=0&missingChildAges=false&travellerType=0&showReviewSubmissionEntry=false&currencyCode=VND&isFreeOccSearch=false&tag=157990fc-1894-44f0-8048-f93bfeacef96&tspTypes=16&los=1&searchrequestid=36e8ab1b-4b93-4f8b-8f90-5875891558b8&ds=DyMAURz1%2FdtznNDk,Deluxe Room Only
the myst,https://www.agoda.com/vi-vn/the-myst-dong-khoi/hotel/ho-chi-minh-city-vn.html?countryId=38&finalPriceView=1&isShowMobileAppPrice=false&cid=1922877&numberOfBedrooms=&familyMode=false&adults=1&children=0&rooms=1&maxRooms=0&isCalendarCallout=false&childAges=&numberOfGuest=0&missingChildAges=false&travellerType=-1&showReviewSubmissionEntry=false&currencyCode=VND&isFreeOccSearch=false&tag=3c15c176-94a8-4596-863f-2c9e90923072&tspTypes=16%2C-1&los=1&searchrequestid=9830e81e-3ee5-446b-b8b4-c286dab04158&ds=fGrxxyZUDIgq2fAI&checkin=2026-08-12,Phòng Hai Giường Đơn Đồng Khởi có Ban Công (Dong Khoi Twin Room with Balcony)
mia q2,https://www.agoda.com/vi-vn/mia-sai-gon/hotel/ho-chi-minh-city-vn.html?countryId=38&finalPriceView=1&isShowMobileAppPrice=false&cid=1922877&numberOfBedrooms=&familyMode=false&adults=1&children=0&rooms=1&maxRooms=0&isCalendarCallout=false&childAges=&numberOfGuest=0&missingChildAges=false&travellerType=-1&showReviewSubmissionEntry=false&currencyCode=VND&isFreeOccSearch=false&tag=665f78a1-fb4d-4a25-9063-7a429a408f64&tspTypes=16%2C-1&los=1&searchrequestid=97db9e1c-1533-4277-9e62-8b9ed02b3dcc&ds=yWU%2F7OVnpOT%2FR3fa&checkin=2026-09-16,Deluxe 2 giường Hướng sông (Deluxe Twin River View)
paragon,https://www.agoda.com/vi-vn/paragon-saigon-hotel/hotel/ho-chi-minh-city-vn.html?countryId=38&finalPriceView=1&isShowMobileAppPrice=false&cid=1922877&numberOfBedrooms=&familyMode=false&adults=1&children=0&rooms=1&maxRooms=0&isCalendarCallout=false&childAges=&numberOfGuest=0&missingChildAges=false&travellerType=-1&showReviewSubmissionEntry=false&currencyCode=VND&isFreeOccSearch=false&tag=0f35d507-f787-49e3-af52-dba5a0662d08&tspTypes=16&los=1&searchrequestid=49d41903-b7da-47d3-a548-940ae032cf3a&ds=VD%2Fj%2BqEkCZZYAu%2B6&checkin=2026-07-23,Junior Deluxe
Bến Thành Boutique Hotel,https://www.agoda.com/vi-vn/ben-thanh-boutique-hotel/hotel/ho-chi-minh-city-vn.html?countryId=38&finalPriceView=1&isShowMobileAppPrice=false&cid=1922877&numberOfBedrooms=&familyMode=false&adults=1&children=0&rooms=1&maxRooms=0&checkIn=2026-07-24&isCalendarCallout=false&childAges=&numberOfGuest=0&missingChildAges=false&travellerType=0&showReviewSubmissionEntry=false&currencyCode=VND&isFreeOccSearch=false&tag=cabda013-1d98-4146-a6e9-83f012b4c70b&tspTypes=16&los=1&searchrequestid=fd36dcc8-798f-426e-b88e-f25100c86c0a&ds=SUHBK57lnX6aUsMu,Phòng Boutique (Boutique Room)
Alagon City Hotel & Spa,https://www.agoda.com/vi-vn/alagon-city-hotel-spa/hotel/ho-chi-minh-city-vn.html?countryId=38&finalPriceView=1&isShowMobileAppPrice=false&cid=1922877&numberOfBedrooms=&familyMode=false&adults=1&children=0&rooms=1&maxRooms=0&checkIn=2026-07-30&isCalendarCallout=false&childAges=&numberOfGuest=0&missingChildAges=false&travellerType=0&showReviewSubmissionEntry=false&currencyCode=VND&isFreeOccSearch=false&tag=12de9d39-929e-4b3c-842a-5cf0a7f0f0b4&tspTypes=16&los=1&searchrequestid=73fc4971-a0e3-4dc4-8226-e843f6a5b734&ds=XTVfgEBkoNpAc%2Bni,Superior Twin Internal Window
G8 Riverside,https://www.agoda.com/vi-vn/g8-riverside-hotel-saigon/hotel/ho-chi-minh-city-vn.html?countryId=38&finalPriceView=1&isShowMobileAppPrice=false&cid=1932654&numberOfBedrooms=&familyMode=false&adults=2&children=0&rooms=1&maxRooms=0&checkIn=2026-07-23&isCalendarCallout=false&childAges=&numberOfGuest=0&missingChildAges=false&travellerType=1&showReviewSubmissionEntry=false&currencyCode=VND&isFreeOccSearch=false&los=1&searchrequestid=3180925d-cce7-4f06-98b3-a921b67764e7&ds=sGVs5Ym9MtwDOuUL,Phòng Superior giường Queen (Superior Queen Room)
The Hammock Hotel Fine Arts Museum,https://www.agoda.com/vi-vn/the-hammock-hotel-fine-arts-museum/hotel/ho-chi-minh-city-vn.html?countryId=38&finalPriceView=1&isShowMobileAppPrice=false&cid=1922877&numberOfBedrooms=&familyMode=false&adults=1&children=0&rooms=1&maxRooms=0&checkIn=2026-07-28&isCalendarCallout=false&childAges=&numberOfGuest=0&missingChildAges=false&travellerType=0&showReviewSubmissionEntry=false&currencyCode=VND&isFreeOccSearch=false&tag=1a77b9c4-e072-448d-bdab-86ec610908f0&tspTypes=16&los=1&searchrequestid=3c143ab9-9f70-4ce2-8604-4cba4f97ea0d&ds=jNFYADyJoeXFXuIM,Phòng 2 Giường Đơn (Cozy Twin Nest)
The Concept Hotel HCMC - D1,https://www.agoda.com/vi-vn/the-concept-hotel-hcmc-city-center/hotel/ho-chi-minh-city-vn.html?countryId=38&finalPriceView=1&isShowMobileAppPrice=false&cid=1844104&numberOfBedrooms=&familyMode=false&adults=2&children=0&rooms=1&maxRooms=0&checkIn=2026-07-22&isCalendarCallout=false&childAges=&numberOfGuest=0&missingChildAges=false&travellerType=1&showReviewSubmissionEntry=false&currencyCode=VND&isFreeOccSearch=false&los=1&searchrequestid=d96876b0-bf4b-4243-b0ef-da031b41396d&ds=BOXubWGCgoFSoeZf,Suite giường Queen (Queen Suite)
A25,https://www.agoda.com/vi-vn/a25-hotel-06-truong-dinh/hotel/ho-chi-minh-city-vn.html?countryId=38&finalPriceView=1&isShowMobileAppPrice=false&cid=1922877&numberOfBedrooms=&familyMode=false&adults=1&children=0&rooms=1&maxRooms=0&isCalendarCallout=false&childAges=&numberOfGuest=0&missingChildAges=false&travellerType=-1&showReviewSubmissionEntry=false&currencyCode=VND&isFreeOccSearch=false&tag=eb19487c-e95c-4ded-b6f9-080915ddc6b6&tspTypes=3&los=1&searchrequestid=04ab05c9-acce-48b3-91c6-f750fbee960e&ds=IG0oo3NA5qnkNibv&checkin=2026-07-23,Superior 2 giường đơn (Superior Twins)
Val Solei Hotel,https://www.agoda.com/vi-vn/val-soleil-hotel/hotel/da-nang-vn.html?countryId=38&finalPriceView=1&isShowMobileAppPrice=false&cid=1844104&numberOfBedrooms=&familyMode=false&adults=2&children=0&rooms=1&maxRooms=0&isCalendarCallout=false&childAges=&numberOfGuest=0&missingChildAges=false&travellerType=1&showReviewSubmissionEntry=false&currencyCode=VND&isFreeOccSearch=false&flightSearchCriteria=%5Bobject%20Object%5D&los=1&searchrequestid=f051b6f5-5b3b-41c5-baea-d771166aab69&ds=LxaZ4GK%2FBx7rq6OP&checkin=2026-05-29,Superior giường đôi Hướng phố (Superior Double City View)
Grandvrio City DANANG,https://www.agoda.com/vi-vn/grandvrio-city-danang-by-route-inn-group/hotel/da-nang-vn.html?countryId=38&finalPriceView=1&isShowMobileAppPrice=false&cid=1844104&numberOfBedrooms=&familyMode=false&adults=2&children=0&rooms=1&maxRooms=0&checkIn=2026-05-29&isCalendarCallout=false&childAges=&numberOfGuest=0&missingChildAges=false&travellerType=1&showReviewSubmissionEntry=false&currencyCode=VND&isFreeOccSearch=false&flightSearchCriteria=%5Bobject+Object%5D&los=1&searchrequestid=3a90ccf6-3387-47c8-84ef-4f9d33df9ece&ds=LxaZ4GK%2FBx7rq6OP,Căn Hộ Nhỏ - Gồm Cả Dịch Vụ Bồn Tắm Suối Nước Nóng Nhật Bản (Junior Studio - Onsen Bath Service Included)
Cozy Danang Boutique Hotel,https://www.agoda.com/vi-vn/cozy-danang-hotel/hotel/da-nang-vn.html?countryId=38&finalPriceView=1&isShowMobileAppPrice=false&cid=1917614&numberOfBedrooms=&familyMode=false&adults=2&children=0&rooms=1&maxRooms=0&checkIn=2026-09-3&isCalendarCallout=false&childAges=&numberOfGuest=0&missingChildAges=false&travellerType=1&showReviewSubmissionEntry=false&currencyCode=VND&isFreeOccSearch=false&los=1&searchrequestid=872ed1e8-604b-4e0f-a5ee-a419636419e8&ds=pC%2Fx9sYJtFcCzDx4,Phòng Superior (Superior Room)
Penisula,https://www.agoda.com/vi-vn/peninsula-hotel-h35038730/hotel/da-n-ng-vn.html?countryId=38&finalPriceView=1&isShowMobileAppPrice=false&cid=1917614&numberOfBedrooms=&familyMode=false&adults=2&children=0&rooms=1&maxRooms=0&isCalendarCallout=false&childAges=&numberOfGuest=0&missingChildAges=false&travellerType=1&showReviewSubmissionEntry=false&currencyCode=VND&isFreeOccSearch=false&flightSearchCriteria=%5Bobject%20Object%5D&los=1&searchrequestid=e836caad-3be6-4a25-893c-d59cd6fe223f&ds=pC%2Fx9sYJtFcCzDx4&checkin=2026-05-29,Phòng Deluxe Giường Đôi Hướng Phố (Deluxe City View Double Room)
Four Points by Sheraton Danang,https://www.agoda.com/vi-vn/four-points-by-sheraton-danang/hotel/da-nang-vn.html?countryId=38&finalPriceView=1&isShowMobileAppPrice=false&cid=1917614&numberOfBedrooms=&familyMode=false&adults=2&children=0&rooms=1&maxRooms=0&isCalendarCallout=false&childAges=&numberOfGuest=0&missingChildAges=false&travellerType=1&showReviewSubmissionEntry=false&currencyCode=VND&isFreeOccSearch=false&flightSearchCriteria=%5Bobject%20Object%5D&los=1&searchrequestid=3e395891-9566-4db9-bbb8-c42363e832ee&ds=pC%2Fx9sYJtFcCzDx4&checkin=2026-05-29,"Guest room, 2 Twin, City View (Guest Room, 2 Twin, City View)"
Altara Suites,https://www.agoda.com/vi-vn/altara-suites-by-ri-yaz/hotel/da-nang-vn.html?countryId=38&finalPriceView=1&isShowMobileAppPrice=false&cid=1917614&numberOfBedrooms=&familyMode=false&adults=2&children=0&rooms=1&maxRooms=0&isCalendarCallout=false&childAges=&numberOfGuest=0&missingChildAges=false&travellerType=1&showReviewSubmissionEntry=false&currencyCode=VND&isFreeOccSearch=false&flightSearchCriteria=%5Bobject%20Object%5D&los=1&searchrequestid=93b813bd-c1fd-4cd6-9af6-3a14f31e4a78&ds=pC%2Fx9sYJtFcCzDx4&checkin=2026-05-29,Peace Suites 1 Phòng Ngủ (Peace Suites One Bedroom)
Radisson Hotel Danang,https://www.agoda.com/vi-vn/radisson-hotel-danang/hotel/da-nang-vn.html?countryId=38&finalPriceView=1&isShowMobileAppPrice=false&cid=1917614&numberOfBedrooms=&familyMode=false&adults=2&children=0&rooms=1&maxRooms=0&isCalendarCallout=false&childAges=&numberOfGuest=0&missingChildAges=false&travellerType=1&showReviewSubmissionEntry=false&currencyCode=VND&isFreeOccSearch=false&flightSearchCriteria=%5Bobject%20Object%5D&los=1&searchrequestid=8cab71f0-e58c-461e-99a0-1f2a47019f3b&ds=pC%2Fx9sYJtFcCzDx4&checkin=2026-05-30,Phòng Loại Sang (Deluxe Room)
Wyndham Soleil Danang Hotel,https://www.agoda.com/vi-vn/wyndham-soleil-danang/hotel/da-nang-vn.html?countryId=38&finalPriceView=1&isShowMobileAppPrice=false&cid=1917614&numberOfBedrooms=&familyMode=false&adults=2&children=0&rooms=1&maxRooms=0&isCalendarCallout=false&childAges=&numberOfGuest=0&missingChildAges=false&travellerType=1&showReviewSubmissionEntry=false&currencyCode=VND&isFreeOccSearch=false&flightSearchCriteria=%5Bobject%20Object%5D&los=1&searchrequestid=8bc0461a-b46a-4069-bdf1-f2f8a0a0852e&ds=pC%2Fx9sYJtFcCzDx4&checkin=2026-05-28,"Deluxe Studio, 2 Single Beds, with Balcony and City View"
Khách sạn Awaken Đà Nẵng,https://www.agoda.com/vi-vn/awaken-da-nang-hotel/hotel/da-nang-vn.html?countryId=38&finalPriceView=1&isShowMobileAppPrice=false&cid=1917614&numberOfBedrooms=&familyMode=false&adults=2&children=0&rooms=1&maxRooms=0&isCalendarCallout=false&childAges=&numberOfGuest=0&missingChildAges=false&travellerType=1&showReviewSubmissionEntry=false&currencyCode=VND&isFreeOccSearch=false&flightSearchCriteria=%5Bobject%20Object%5D&tspTypes=-1&los=1&searchrequestid=7f4fb734-17a6-4874-9e26-f1a45fe683c0&ds=pC%2Fx9sYJtFcCzDx4&checkin=2026-05-29,Deluxe giường đôi Hướng biển một phần (Deluxe Double Partial Sea View)
Holiday Beach Hotel Danang,https://www.agoda.com/vi-vn/holiday-beach-danang-hotel-and-resort/hotel/da-nang-vn.html?countryId=38&finalPriceView=1&isShowMobileAppPrice=false&cid=1917614&numberOfBedrooms=&familyMode=false&adults=2&children=0&rooms=1&maxRooms=0&checkIn=2026-08-27&isCalendarCallout=false&childAges=&numberOfGuest=0&missingChildAges=false&travellerType=1&showReviewSubmissionEntry=false&currencyCode=VND&isFreeOccSearch=false&flightSearchCriteria=%5Bobject+Object%5D&los=1&searchrequestid=b0bc1ee9-de1e-432f-a3cf-7d7f98ff35c4&ds=pC%2Fx9sYJtFcCzDx4,Phòng Superior 2 giường (Superior Twin Room)
TIA Wellness Resort,https://www.agoda.com/vi-vn/fusion-maia-resort-all-spa-inclusive/hotel/da-nang-vn.html?countryId=38&finalPriceView=1&isShowMobileAppPrice=false&cid=1844104&numberOfBedrooms=&familyMode=false&adults=2&children=0&rooms=1&maxRooms=0&isCalendarCallout=false&childAges=&numberOfGuest=0&missingChildAges=false&travellerType=1&showReviewSubmissionEntry=false&currencyCode=VND&isFreeOccSearch=false&tspTypes=-1&los=1&searchrequestid=524ada1a-272a-4ecd-b47a-e8a7b41c2591&ds=sM4lUMMTsEu%2BcORC&checkin=2026-08-25,Biệt Thự 1 Phòng Ngủ Hồ Bơi Riêng Bao Gồm Spa (One Bedroom Private Pool Villa -- Spa Inclusive)
Marriott Resort & Spa,https://www.agoda.com/vi-vn/danang-marriott-resort-spa/hotel/a-n-ng-vn.html?countryId=38&finalPriceView=1&isShowMobileAppPrice=false&cid=1844104&numberOfBedrooms=&familyMode=false&adults=2&children=0&rooms=1&maxRooms=0&isCalendarCallout=false&childAges=&numberOfGuest=0&missingChildAges=false&travellerType=1&showReviewSubmissionEntry=false&currencyCode=VND&isFreeOccSearch=false&los=1&searchrequestid=52a10b85-d644-4314-a5c1-e7141d7a2c3d&ds=Cqc919iT9bnv7w%2Fn&checkin=2026-08-05,"Deluxe Garden, Guest room, 2 Twin, Garden view, Balcony (Deluxe Garden, Guest Room, 2 Twin, Garden View, Balcony)"
Monarque Hotel,https://www.agoda.com/vi-vn/monarque-hotel-danang/hotel/da-nang-vn.html?countryId=38&finalPriceView=1&isShowMobileAppPrice=false&cid=1922877&numberOfBedrooms=&familyMode=false&adults=1&children=0&rooms=1&maxRooms=0&isCalendarCallout=false&childAges=&numberOfGuest=0&missingChildAges=false&travellerType=-1&showReviewSubmissionEntry=false&currencyCode=VND&isFreeOccSearch=false&tag=63dcf63f-be43-4607-ad75-b93c53765d69&tspTypes=16&los=1&searchrequestid=069d7b12-44c3-4d87-95e7-9b44e79461a5&ds=i6bY4Eeb%2F1CaOsSu&checkin=2026-08-20,Deluxe giường đôi (Deluxe Double)
Wink Hotel Danang Riverside,https://www.agoda.com/vi-vn/wink-hotel-danang-riverside/hotel/da-n-ng-vn.html?countryId=38&finalPriceView=1&isShowMobileAppPrice=false&cid=1922877&numberOfBedrooms=&familyMode=false&adults=2&children=0&rooms=1&maxRooms=0&isCalendarCallout=false&childAges=&numberOfGuest=0&missingChildAges=false&travellerType=1&showReviewSubmissionEntry=false&currencyCode=VND&isFreeOccSearch=false&flightSearchCriteria=%5Bobject%20Object%5D&los=1&searchrequestid=7315352f-e9c0-4204-91c5-4b5a8d414089&ds=i6bY4Eeb%2F1CaOsSu&checkin=2026-07-23,Phòng có giường Queen (1 Queen Bed)
Courtyard by Marriott,https://www.agoda.com/vi-vn/courtyard-danang-han-river/hotel/da-nang-vn.html?countryId=38&finalPriceView=1&isShowMobileAppPrice=false&cid=1844104&numberOfBedrooms=&familyMode=false&adults=2&children=0&rooms=1&maxRooms=0&isCalendarCallout=false&childAges=&numberOfGuest=0&missingChildAges=false&travellerType=1&showReviewSubmissionEntry=false&currencyCode=VND&isFreeOccSearch=false&tspTypes=-1&los=1&searchrequestid=c23ef5fe-d5c5-4645-a562-463f6dd9d25d&ds=pBzzcZmig%2Fi6V7FW&checkin=2026-08-05,"Deluxe Guest Room, 1 King, City View"
Meliá Vinpearl Riverfront,https://www.agoda.com/vi-vn/vinpearl-condotel-riverfront-da-nang/hotel/da-nang-vn.html?countryId=38&finalPriceView=1&isShowMobileAppPrice=false&cid=1844104&numberOfBedrooms=&familyMode=false&adults=2&children=0&rooms=1&maxRooms=0&checkIn=2026-07-23&isCalendarCallout=false&childAges=&numberOfGuest=0&missingChildAges=false&travellerType=1&showReviewSubmissionEntry=false&currencyCode=VND&isFreeOccSearch=false&los=1&searchrequestid=df73dc10-226a-4e2e-864a-f3dcd41ee171&ds=qL75fY%2BVo6yLmja9,Phòng Loại Sang (Deluxe Room)
Hôtel de Soie,https://www.agoda.com/vi-vn/hotel-de-soie/hotel/da-nang-vn.html?countryId=38&finalPriceView=1&isShowMobileAppPrice=false&cid=1844104&numberOfBedrooms=&familyMode=false&adults=2&children=0&rooms=1&maxRooms=0&isCalendarCallout=false&childAges=&numberOfGuest=0&missingChildAges=false&travellerType=1&showReviewSubmissionEntry=false&currencyCode=VND&isFreeOccSearch=false&los=1&searchrequestid=3c97025b-0805-4504-ba4c-33cab5890e5c&ds=S4N7ifvrCIQ35kp%2F&checkin=2026-09-16,Tourane De Soie (Tourane de Soie)
memory,https://www.agoda.com/vi-vn/the-memory-danang/hotel/da-nang-vn.html?countryId=38&finalPriceView=1&isShowMobileAppPrice=false&cid=1917614&numberOfBedrooms=&familyMode=false&adults=2&children=0&rooms=1&maxRooms=0&checkIn=2026-08-20&isCalendarCallout=false&childAges=&numberOfGuest=0&missingChildAges=false&travellerType=1&showReviewSubmissionEntry=false&currencyCode=VND&isFreeOccSearch=false&los=1&searchrequestid=27dab569-0788-4054-9d00-82ba48c5c8c0,Phòng Loại Sang Giường Đôi (Deluxe Double Room)
TTC Hotel Premium - Dalat,https://www.agoda.com/vi-vn/ttc-hotel-premium-dalat/hotel/dalat-vn.html?countryId=38&finalPriceView=1&isShowMobileAppPrice=false&cid=1915566&numberOfBedrooms=&familyMode=false&adults=2&children=0&rooms=1&maxRooms=0&checkIn=2026-08-20&isCalendarCallout=false&childAges=&numberOfGuest=0&missingChildAges=false&travellerType=1&showReviewSubmissionEntry=false&currencyCode=VND&isFreeOccSearch=false&los=1&searchrequestid=b0e7776d-2010-4a9d-b3a9-f1591b63f4a5&ds=PkeLgmDtcbqgVzyH,Superior 2 giường (Superior Twin)
Khách sạn Dalat Palace,https://www.agoda.com/vi-vn/dalat-palace-heritage-hotel/hotel/dalat-vn.html?countryId=38&finalPriceView=1&isShowMobileAppPrice=false&cid=1915566&numberOfBedrooms=&familyMode=false&adults=2&children=0&rooms=1&maxRooms=0&checkIn=2026-08-20&isCalendarCallout=false&childAges=&numberOfGuest=0&missingChildAges=false&travellerType=1&showReviewSubmissionEntry=false&currencyCode=VND&isFreeOccSearch=false&los=1&searchrequestid=127ea9e7-df66-4da9-b77d-54b253b3bdc1&ds=O53wUpp5MN8kZfqw,Phòng Superior (Superior Room)
Nesta,https://www.agoda.com/vi-vn/lu-na-diamond-riverside-hotel_4/hotel/hoi-an-vn.html?countryId=38&finalPriceView=1&isShowMobileAppPrice=false&cid=1915566&numberOfBedrooms=&familyMode=false&adults=2&children=0&rooms=1&maxRooms=0&checkIn=2026-08-20&isCalendarCallout=false&childAges=&numberOfGuest=0&missingChildAges=false&travellerType=1&showReviewSubmissionEntry=false&currencyCode=VND&isFreeOccSearch=false&tspTypes=-1&los=1&searchrequestid=a4b707bc-3ac4-44c6-98af-89c83a9e9cfd&ds=yq2ZGDg7qyYcmP5S,Deluxe giường đôi Có ban công (Deluxe Balcony Double)
Bel Marina Hoi An Resort,https://www.agoda.com/vi-vn/hoi-an-silk-marina-resort-and-spa/hotel/hoi-an-vn.html?countryId=38&finalPriceView=1&isShowMobileAppPrice=false&cid=1833981&numberOfBedrooms=&familyMode=false&adults=2&children=0&rooms=1&maxRooms=0&checkIn=2026-08-20&isCalendarCallout=false&childAges=&numberOfGuest=0&missingChildAges=false&travellerType=1&showReviewSubmissionEntry=false&currencyCode=VND&isFreeOccSearch=false&tspTypes=-1&los=1&searchrequestid=2e47b377-98c8-45cf-bd81-1a1c4ad65097&ds=TC8it%2FUiT%2BDrbd%2BD,Phòng Loại Sang Thủ Tướng Hướng Vườn (Premier Deluxe Garden View Room)
Emerald Hoi An Riverside Resort,https://www.agoda.com/vi-vn/vinh-hung-emerald-resort/hotel/hoi-an-vn.html?countryId=38&finalPriceView=1&isShowMobileAppPrice=false&cid=1915566&numberOfBedrooms=&familyMode=false&adults=2&children=0&rooms=1&maxRooms=0&checkIn=2026-08-20&isCalendarCallout=false&childAges=&numberOfGuest=0&missingChildAges=false&travellerType=1&showReviewSubmissionEntry=false&currencyCode=VND&isFreeOccSearch=false&los=1&searchrequestid=1f013bde-8dee-4564-8a49-09db5230f62a&ds=y12K2YdwI%2BtCp%2Bub,Phòng Deluxe view vườn hai giường đơn (Deluxe Garden View Twin)
Central - Phòng Superior (Superior Room) - 15,https://www.agoda.com/vi-vn/signature-by-m-village-the-central-da-lat/hotel/dalat-vn.html?countryId=38&finalPriceView=1&isShowMobileAppPrice=false&cid=1917614&numberOfBedrooms=&familyMode=false&adults=2&children=0&rooms=1&maxRooms=0&checkIn=2026-07-16&isCalendarCallout=false&childAges=&numberOfGuest=0&missingChildAges=false&travellerType=1&showReviewSubmissionEntry=false&currencyCode=VND&isFreeOccSearch=false&flightSearchCriteria=%5Bobject+Object%5D&los=1&searchrequestid=2d3991ff-0d83-487b-9dfb-28a5e93ada47&ds=d59EImkRc6VcT8ii,Phòng Superior (Superior Room)
Central - Phòng Deluxe Có Giường Cỡ King Và Cửa Sổ (Deluxe King Room with Window) - 25,https://www.agoda.com/vi-vn/signature-by-m-village-the-central-da-lat/hotel/dalat-vn.html?countryId=38&finalPriceView=1&isShowMobileAppPrice=false&cid=1917614&numberOfBedrooms=&familyMode=false&adults=2&children=0&rooms=1&maxRooms=0&checkIn=2026-07-16&isCalendarCallout=false&childAges=&numberOfGuest=0&missingChildAges=false&travellerType=1&showReviewSubmissionEntry=false&currencyCode=VND&isFreeOccSearch=false&flightSearchCriteria=%5Bobject+Object%5D&los=1&searchrequestid=2d3991ff-0d83-487b-9dfb-28a5e93ada47&ds=d59EImkRc6VcT8ii,Phòng Deluxe Có Giường Cỡ King Và Cửa Sổ (Deluxe King Room with Window)
Central - Phòng Deluxe 2 giường có cửa sổ (Deluxe Twin Room With Window) - 25,https://www.agoda.com/vi-vn/signature-by-m-village-the-central-da-lat/hotel/dalat-vn.html?countryId=38&finalPriceView=1&isShowMobileAppPrice=false&cid=1917614&numberOfBedrooms=&familyMode=false&adults=2&children=0&rooms=1&maxRooms=0&checkIn=2026-07-16&isCalendarCallout=false&childAges=&numberOfGuest=0&missingChildAges=false&travellerType=1&showReviewSubmissionEntry=false&currencyCode=VND&isFreeOccSearch=false&flightSearchCriteria=%5Bobject+Object%5D&los=1&searchrequestid=2d3991ff-0d83-487b-9dfb-28a5e93ada47&ds=d59EImkRc6VcT8ii,Phòng Deluxe 2 giường có cửa sổ (Deluxe Twin Room With Window)
Central - Deluxe Có ban công Hướng phố (Deluxe Balcony City View) - 25,https://www.agoda.com/vi-vn/signature-by-m-village-the-central-da-lat/hotel/dalat-vn.html?countryId=38&finalPriceView=1&isShowMobileAppPrice=false&cid=1917614&numberOfBedrooms=&familyMode=false&adults=2&children=0&rooms=1&maxRooms=0&checkIn=2026-07-16&isCalendarCallout=false&childAges=&numberOfGuest=0&missingChildAges=false&travellerType=1&showReviewSubmissionEntry=false&currencyCode=VND&isFreeOccSearch=false&flightSearchCriteria=%5Bobject+Object%5D&los=1&searchrequestid=2d3991ff-0d83-487b-9dfb-28a5e93ada47&ds=d59EImkRc6VcT8ii,Deluxe Có ban công Hướng phố (Deluxe Balcony City View)
Central - Phòng Premier Hướng phố (Premier City View Room) - 30,https://www.agoda.com/vi-vn/signature-by-m-village-the-central-da-lat/hotel/dalat-vn.html?countryId=38&finalPriceView=1&isShowMobileAppPrice=false&cid=1917614&numberOfBedrooms=&familyMode=false&adults=2&children=0&rooms=1&maxRooms=0&checkIn=2026-07-16&isCalendarCallout=false&childAges=&numberOfGuest=0&missingChildAges=false&travellerType=1&showReviewSubmissionEntry=false&currencyCode=VND&isFreeOccSearch=false&flightSearchCriteria=%5Bobject+Object%5D&los=1&searchrequestid=2d3991ff-0d83-487b-9dfb-28a5e93ada47&ds=d59EImkRc6VcT8ii,Phòng Premier Hướng phố (Premier City View Room)
Central - Phòng Premier Có Bồn Tắm (Premier with Bathtub) - 40,https://www.agoda.com/vi-vn/signature-by-m-village-the-central-da-lat/hotel/dalat-vn.html?countryId=38&finalPriceView=1&isShowMobileAppPrice=false&cid=1917614&numberOfBedrooms=&familyMode=false&adults=2&children=0&rooms=1&maxRooms=0&checkIn=2026-07-16&isCalendarCallout=false&childAges=&numberOfGuest=0&missingChildAges=false&travellerType=1&showReviewSubmissionEntry=false&currencyCode=VND&isFreeOccSearch=false&flightSearchCriteria=%5Bobject+Object%5D&los=1&searchrequestid=2d3991ff-0d83-487b-9dfb-28a5e93ada47&ds=d59EImkRc6VcT8ii,Phòng Premier Có Bồn Tắm (Premier with Bathtub)
Central - Phòng Gia Đình - 2 Giường (Family Room -- 2 Bed) - 50,https://www.agoda.com/vi-vn/signature-by-m-village-the-central-da-lat/hotel/dalat-vn.html?countryId=38&finalPriceView=1&isShowMobileAppPrice=false&cid=1917614&numberOfBedrooms=&familyMode=false&adults=2&children=0&rooms=1&maxRooms=0&checkIn=2026-07-16&isCalendarCallout=false&childAges=&numberOfGuest=0&missingChildAges=false&travellerType=1&showReviewSubmissionEntry=false&currencyCode=VND&isFreeOccSearch=false&flightSearchCriteria=%5Bobject+Object%5D&los=1&searchrequestid=2d3991ff-0d83-487b-9dfb-28a5e93ada47&ds=d59EImkRc6VcT8ii,Phòng Gia Đình - 2 Giường (Family Room -- 2 Bed)
Central - Suite Nhỏ Hướng Thành Phố - Giường Lớn (Junior Suite City View - King Bed) - 45,https://www.agoda.com/vi-vn/signature-by-m-village-the-central-da-lat/hotel/dalat-vn.html?countryId=38&finalPriceView=1&isShowMobileAppPrice=false&cid=1917614&numberOfBedrooms=&familyMode=false&adults=2&children=0&rooms=1&maxRooms=0&checkIn=2026-07-16&isCalendarCallout=false&childAges=&numberOfGuest=0&missingChildAges=false&travellerType=1&showReviewSubmissionEntry=false&currencyCode=VND&isFreeOccSearch=false&flightSearchCriteria=%5Bobject+Object%5D&los=1&searchrequestid=2d3991ff-0d83-487b-9dfb-28a5e93ada47&ds=d59EImkRc6VcT8ii,Suite Nhỏ Hướng Thành Phố - Giường Lớn (Junior Suite City View - King Bed)
Central - Phòng Suite Lớn Hướng Thành Phố (Grand Suite - City View) - 105,https://www.agoda.com/vi-vn/signature-by-m-village-the-central-da-lat/hotel/dalat-vn.html?countryId=38&finalPriceView=1&isShowMobileAppPrice=false&cid=1917614&numberOfBedrooms=&familyMode=false&adults=2&children=0&rooms=1&maxRooms=0&checkIn=2026-07-16&isCalendarCallout=false&childAges=&numberOfGuest=0&missingChildAges=false&travellerType=1&showReviewSubmissionEntry=false&currencyCode=VND&isFreeOccSearch=false&flightSearchCriteria=%5Bobject+Object%5D&los=1&searchrequestid=2d3991ff-0d83-487b-9dfb-28a5e93ada47&ds=d59EImkRc6VcT8ii,Phòng Suite Lớn Hướng Thành Phố (Grand Suite - City View)
Colline - Phòng Superior Giường Đôi - Không có Cửa sổ (Superior Double Room - No Window) - 22,https://www.agoda.com/vi-vn/hotel-colline_3/hotel/dalat-vn.html?countryId=38&finalPriceView=1&isShowMobileAppPrice=false&cid=1915566&numberOfBedrooms=&familyMode=false&adults=2&children=0&rooms=1&maxRooms=0&checkIn=2026-08-19&isCalendarCallout=false&childAges=&numberOfGuest=0&missingChildAges=false&travellerType=1&showReviewSubmissionEntry=false&currencyCode=VND&isFreeOccSearch=false&flightSearchCriteria=[object%20Object]&los=1&searchrequestid=f075a45f-8c38-4bbc-b11f-a81a338ad1eb,Phòng Superior Giường Đôi - Không có Cửa sổ (Superior Double Room - No Window)
Colline - Phòng Hai Giường Đơn Loại Sang (Deluxe Twin Room) - 25,https://www.agoda.com/vi-vn/hotel-colline_3/hotel/dalat-vn.html?countryId=38&finalPriceView=1&isShowMobileAppPrice=false&cid=1915566&numberOfBedrooms=&familyMode=false&adults=2&children=0&rooms=1&maxRooms=0&checkIn=2026-08-19&isCalendarCallout=false&childAges=&numberOfGuest=0&missingChildAges=false&travellerType=1&showReviewSubmissionEntry=false&currencyCode=VND&isFreeOccSearch=false&flightSearchCriteria=[object%20Object]&los=1&searchrequestid=f075a45f-8c38-4bbc-b11f-a81a338ad1eb,Phòng Hai Giường Đơn Loại Sang (Deluxe Twin Room)
Colline - Phòng Loại Sang Giường Đôi (Deluxe Double Room) - 25,https://www.agoda.com/vi-vn/hotel-colline_3/hotel/dalat-vn.html?countryId=38&finalPriceView=1&isShowMobileAppPrice=false&cid=1915566&numberOfBedrooms=&familyMode=false&adults=2&children=0&rooms=1&maxRooms=0&checkIn=2026-08-19&isCalendarCallout=false&childAges=&numberOfGuest=0&missingChildAges=false&travellerType=1&showReviewSubmissionEntry=false&currencyCode=VND&isFreeOccSearch=false&flightSearchCriteria=[object%20Object]&los=1&searchrequestid=f075a45f-8c38-4bbc-b11f-a81a338ad1eb,Phòng Loại Sang Giường Đôi (Deluxe Double Room)
Colline - Premier Deluxe 2 giường (Premier Deluxe Twin) - 29,https://www.agoda.com/vi-vn/hotel-colline_3/hotel/dalat-vn.html?countryId=38&finalPriceView=1&isShowMobileAppPrice=false&cid=1915566&numberOfBedrooms=&familyMode=false&adults=2&children=0&rooms=1&maxRooms=0&checkIn=2026-08-19&isCalendarCallout=false&childAges=&numberOfGuest=0&missingChildAges=false&travellerType=1&showReviewSubmissionEntry=false&currencyCode=VND&isFreeOccSearch=false&flightSearchCriteria=[object%20Object]&los=1&searchrequestid=f075a45f-8c38-4bbc-b11f-a81a338ad1eb,Premier Deluxe 2 giường (Premier Deluxe Twin)
Colline - Phòng Premier Deluxe giường đôi (Premier Deluxe Double) - 29,https://www.agoda.com/vi-vn/hotel-colline_3/hotel/dalat-vn.html?countryId=38&finalPriceView=1&isShowMobileAppPrice=false&cid=1915566&numberOfBedrooms=&familyMode=false&adults=2&children=0&rooms=1&maxRooms=0&checkIn=2026-08-19&isCalendarCallout=false&childAges=&numberOfGuest=0&missingChildAges=false&travellerType=1&showReviewSubmissionEntry=false&currencyCode=VND&isFreeOccSearch=false&flightSearchCriteria=[object%20Object]&los=1&searchrequestid=f075a45f-8c38-4bbc-b11f-a81a338ad1eb,Phòng Premier Deluxe giường đôi (Premier Deluxe Double)
Colline - Phòng Studio (Studio Room) - 35,https://www.agoda.com/vi-vn/hotel-colline_3/hotel/dalat-vn.html?countryId=38&finalPriceView=1&isShowMobileAppPrice=false&cid=1915566&numberOfBedrooms=&familyMode=false&adults=2&children=0&rooms=1&maxRooms=0&checkIn=2026-08-19&isCalendarCallout=false&childAges=&numberOfGuest=0&missingChildAges=false&travellerType=1&showReviewSubmissionEntry=false&currencyCode=VND&isFreeOccSearch=false&flightSearchCriteria=[object%20Object]&los=1&searchrequestid=f075a45f-8c38-4bbc-b11f-a81a338ad1eb,Phòng Studio (Studio Room)
Colline - Phòng Gia Đình Loại Sang (Deluxe Family) - 42,https://www.agoda.com/vi-vn/hotel-colline_3/hotel/dalat-vn.html?countryId=38&finalPriceView=1&isShowMobileAppPrice=false&cid=1915566&numberOfBedrooms=&familyMode=false&adults=2&children=0&rooms=1&maxRooms=0&checkIn=2026-08-19&isCalendarCallout=false&childAges=&numberOfGuest=0&missingChildAges=false&travellerType=1&showReviewSubmissionEntry=false&currencyCode=VND&isFreeOccSearch=false&flightSearchCriteria=[object%20Object]&los=1&searchrequestid=f075a45f-8c38-4bbc-b11f-a81a338ad1eb,Phòng Gia Đình Loại Sang (Deluxe Family)
Colline - Suite đặc biệt (Signature Suite) - 55,https://www.agoda.com/vi-vn/hotel-colline_3/hotel/dalat-vn.html?countryId=38&finalPriceView=1&isShowMobileAppPrice=false&cid=1915566&numberOfBedrooms=&familyMode=false&adults=2&children=0&rooms=1&maxRooms=0&checkIn=2026-08-19&isCalendarCallout=false&childAges=&numberOfGuest=0&missingChildAges=false&travellerType=1&showReviewSubmissionEntry=false&currencyCode=VND&isFreeOccSearch=false&flightSearchCriteria=[object%20Object]&los=1&searchrequestid=f075a45f-8c38-4bbc-b11f-a81a338ad1eb,Suite đặc biệt (Signature Suite)
"Colline - 2 phòng ngủ (Premier Studio Condotel, 2 Bedrooms) - 86",https://www.agoda.com/vi-vn/hotel-colline_3/hotel/dalat-vn.html?countryId=38&finalPriceView=1&isShowMobileAppPrice=false&cid=1915566&numberOfBedrooms=&familyMode=false&adults=2&children=0&rooms=1&maxRooms=0&checkIn=2026-08-19&isCalendarCallout=false&childAges=&numberOfGuest=0&missingChildAges=false&travellerType=1&showReviewSubmissionEntry=false&currencyCode=VND&isFreeOccSearch=false&flightSearchCriteria=[object%20Object]&los=1&searchrequestid=f075a45f-8c38-4bbc-b11f-a81a338ad1eb,"2 phòng ngủ (Premier Studio Condotel, 2 Bedrooms)"
"Colline - Condotel Studio Ấm Cúng, 2 Phòng Ngủ (Cozy Studio Condotel, 2 Bedrooms) - 76",https://www.agoda.com/vi-vn/hotel-colline_3/hotel/dalat-vn.html?countryId=38&finalPriceView=1&isShowMobileAppPrice=false&cid=1915566&numberOfBedrooms=&familyMode=false&adults=2&children=0&rooms=1&maxRooms=0&checkIn=2026-08-19&isCalendarCallout=false&childAges=&numberOfGuest=0&missingChildAges=false&travellerType=1&showReviewSubmissionEntry=false&currencyCode=VND&isFreeOccSearch=false&flightSearchCriteria=[object%20Object]&los=1&searchrequestid=f075a45f-8c38-4bbc-b11f-a81a338ad1eb,"Condotel Studio Ấm Cúng, 2 Phòng Ngủ (Cozy Studio Condotel, 2 Bedrooms)"
"Colline - 3 phòng ngủ (Grand Studio Condotel, 3 Bedrooms) - 166",https://www.agoda.com/vi-vn/hotel-colline_3/hotel/dalat-vn.html?countryId=38&finalPriceView=1&isShowMobileAppPrice=false&cid=1915566&numberOfBedrooms=&familyMode=false&adults=2&children=0&rooms=1&maxRooms=0&checkIn=2026-08-19&isCalendarCallout=false&childAges=&numberOfGuest=0&missingChildAges=false&travellerType=1&showReviewSubmissionEntry=false&currencyCode=VND&isFreeOccSearch=false&flightSearchCriteria=[object%20Object]&los=1&searchrequestid=f075a45f-8c38-4bbc-b11f-a81a338ad1eb,"3 phòng ngủ (Grand Studio Condotel, 3 Bedrooms)"
Colline - Suite Nhỏ Colline (Colline Junior Suite) - 80,https://www.agoda.com/vi-vn/hotel-colline_3/hotel/dalat-vn.html?countryId=38&finalPriceView=1&isShowMobileAppPrice=false&cid=1915566&numberOfBedrooms=&familyMode=false&adults=2&children=0&rooms=1&maxRooms=0&checkIn=2026-08-19&isCalendarCallout=false&childAges=&numberOfGuest=0&missingChildAges=false&travellerType=1&showReviewSubmissionEntry=false&currencyCode=VND&isFreeOccSearch=false&flightSearchCriteria=[object%20Object]&los=1&searchrequestid=f075a45f-8c38-4bbc-b11f-a81a338ad1eb,Suite Nhỏ Colline (Colline Junior Suite)
Colline - Colline Suite - 120,https://www.agoda.com/vi-vn/hotel-colline_3/hotel/dalat-vn.html?countryId=38&finalPriceView=1&isShowMobileAppPrice=false&cid=1915566&numberOfBedrooms=&familyMode=false&adults=2&children=0&rooms=1&maxRooms=0&checkIn=2026-08-19&isCalendarCallout=false&childAges=&numberOfGuest=0&missingChildAges=false&travellerType=1&showReviewSubmissionEntry=false&currencyCode=VND&isFreeOccSearch=false&flightSearchCriteria=[object%20Object]&los=1&searchrequestid=f075a45f-8c38-4bbc-b11f-a81a338ad1eb,Colline Suite
Colline - Căn hộ áp mái dành cho gia đình (Family Penthouse) - 90,https://www.agoda.com/vi-vn/hotel-colline_3/hotel/dalat-vn.html?countryId=38&finalPriceView=1&isShowMobileAppPrice=false&cid=1915566&numberOfBedrooms=&familyMode=false&adults=2&children=0&rooms=1&maxRooms=0&checkIn=2026-08-19&isCalendarCallout=false&childAges=&numberOfGuest=0&missingChildAges=false&travellerType=1&showReviewSubmissionEntry=false&currencyCode=VND&isFreeOccSearch=false&flightSearchCriteria=[object%20Object]&los=1&searchrequestid=f075a45f-8c38-4bbc-b11f-a81a338ad1eb,Căn hộ áp mái dành cho gia đình (Family Penthouse)
Le Récit - Phòng Deluxe 2 Giường đơn (Deluxe Twin) - 25,https://www.agoda.com/vi-vn/le-recit-boutique-hotel-de-dalat/hotel/dalat-vn.html?countryId=38&finalPriceView=1&isShowMobileAppPrice=false&cid=1915566&numberOfBedrooms=&familyMode=false&adults=2&children=0&rooms=1&maxRooms=0&isCalendarCallout=false&childAges=&numberOfGuest=0&missingChildAges=false&travellerType=1&showReviewSubmissionEntry=false&currencyCode=VND&isFreeOccSearch=false&flightSearchCriteria=%5Bobject%20Object%5D&los=1&searchrequestid=c2b471e6-510a-4982-ad09-193da5580ee7&checkin=2026-08-26,Phòng Deluxe 2 Giường đơn (Deluxe Twin)
Le Récit - Deluxe giường đôi (Deluxe Double) - 25,https://www.agoda.com/vi-vn/le-recit-boutique-hotel-de-dalat/hotel/dalat-vn.html?countryId=38&finalPriceView=1&isShowMobileAppPrice=false&cid=1915566&numberOfBedrooms=&familyMode=false&adults=2&children=0&rooms=1&maxRooms=0&isCalendarCallout=false&childAges=&numberOfGuest=0&missingChildAges=false&travellerType=1&showReviewSubmissionEntry=false&currencyCode=VND&isFreeOccSearch=false&flightSearchCriteria=%5Bobject%20Object%5D&los=1&searchrequestid=c2b471e6-510a-4982-ad09-193da5580ee7&checkin=2026-08-26,Deluxe giường đôi (Deluxe Double)
Le Récit - Suite Deluxe (Deluxe Suite) - 30,https://www.agoda.com/vi-vn/le-recit-boutique-hotel-de-dalat/hotel/dalat-vn.html?countryId=38&finalPriceView=1&isShowMobileAppPrice=false&cid=1915566&numberOfBedrooms=&familyMode=false&adults=2&children=0&rooms=1&maxRooms=0&isCalendarCallout=false&childAges=&numberOfGuest=0&missingChildAges=false&travellerType=1&showReviewSubmissionEntry=false&currencyCode=VND&isFreeOccSearch=false&flightSearchCriteria=%5Bobject%20Object%5D&los=1&searchrequestid=c2b471e6-510a-4982-ad09-193da5580ee7&checkin=2026-08-26,Suite Deluxe (Deluxe Suite)
Le Récit - Penthouse - 38,https://www.agoda.com/vi-vn/le-recit-boutique-hotel-de-dalat/hotel/dalat-vn.html?countryId=38&finalPriceView=1&isShowMobileAppPrice=false&cid=1915566&numberOfBedrooms=&familyMode=false&adults=2&children=0&rooms=1&maxRooms=0&isCalendarCallout=false&childAges=&numberOfGuest=0&missingChildAges=false&travellerType=1&showReviewSubmissionEntry=false&currencyCode=VND&isFreeOccSearch=false&flightSearchCriteria=%5Bobject%20Object%5D&los=1&searchrequestid=c2b471e6-510a-4982-ad09-193da5580ee7&checkin=2026-08-26,Penthouse
Le Récit - Suite Căn Hộ Áp Mái 1 Phòng Ngủ (Penthouse 1 Bedroom Suite) - 42,https://www.agoda.com/vi-vn/le-recit-boutique-hotel-de-dalat/hotel/dalat-vn.html?countryId=38&finalPriceView=1&isShowMobileAppPrice=false&cid=1915566&numberOfBedrooms=&familyMode=false&adults=2&children=0&rooms=1&maxRooms=0&isCalendarCallout=false&childAges=&numberOfGuest=0&missingChildAges=false&travellerType=1&showReviewSubmissionEntry=false&currencyCode=VND&isFreeOccSearch=false&flightSearchCriteria=%5Bobject%20Object%5D&los=1&searchrequestid=c2b471e6-510a-4982-ad09-193da5580ee7&checkin=2026-08-26,Suite Căn Hộ Áp Mái 1 Phòng Ngủ (Penthouse 1 Bedroom Suite)
Le Récit - Suite Giường Lớn (King Suite) - 40,https://www.agoda.com/vi-vn/le-recit-boutique-hotel-de-dalat/hotel/dalat-vn.html?countryId=38&finalPriceView=1&isShowMobileAppPrice=false&cid=1915566&numberOfBedrooms=&familyMode=false&adults=2&children=0&rooms=1&maxRooms=0&isCalendarCallout=false&childAges=&numberOfGuest=0&missingChildAges=false&travellerType=1&showReviewSubmissionEntry=false&currencyCode=VND&isFreeOccSearch=false&flightSearchCriteria=%5Bobject%20Object%5D&los=1&searchrequestid=c2b471e6-510a-4982-ad09-193da5580ee7&checkin=2026-08-26,Suite Giường Lớn (King Suite)
Le Récit - Suite dạng Căn hộ áp mái 2 Phòng ngủ (Penthouse 2 Bedroom Suite) - 75,https://www.agoda.com/vi-vn/le-recit-boutique-hotel-de-dalat/hotel/dalat-vn.html?countryId=38&finalPriceView=1&isShowMobileAppPrice=false&cid=1915566&numberOfBedrooms=&familyMode=false&adults=2&children=0&rooms=1&maxRooms=0&isCalendarCallout=false&childAges=&numberOfGuest=0&missingChildAges=false&travellerType=1&showReviewSubmissionEntry=false&currencyCode=VND&isFreeOccSearch=false&flightSearchCriteria=%5Bobject%20Object%5D&los=1&searchrequestid=c2b471e6-510a-4982-ad09-193da5580ee7&checkin=2026-08-26,Suite dạng Căn hộ áp mái 2 Phòng ngủ (Penthouse 2 Bedroom Suite)
Le Récit - Căn Hộ Áp Mái Hướng Thành Phố Giường Đôi (Penthouse City View Double) - 40,https://www.agoda.com/vi-vn/le-recit-boutique-hotel-de-dalat/hotel/dalat-vn.html?countryId=38&finalPriceView=1&isShowMobileAppPrice=false&cid=1915566&numberOfBedrooms=&familyMode=false&adults=2&children=0&rooms=1&maxRooms=0&isCalendarCallout=false&childAges=&numberOfGuest=0&missingChildAges=false&travellerType=1&showReviewSubmissionEntry=false&currencyCode=VND&isFreeOccSearch=false&flightSearchCriteria=%5Bobject%20Object%5D&los=1&searchrequestid=c2b471e6-510a-4982-ad09-193da5580ee7&checkin=2026-08-26,Căn Hộ Áp Mái Hướng Thành Phố Giường Đôi (Penthouse City View Double)
